,popularity
0,35
1,27
2,20
3,0
4,4
5,20
6,53
7,0
8,17
9,25
10,40
11,2
12,2
13,60
14,0
15,0
16,57
17,35
18,0
19,10
20,0
21,1
22,13
23,24
24,0
25,14
26,16
27,0
28,0
29,0
30,7
31,0
32,0
33,24
34,17
35,22
36,24
37,35
38,2
39,40
40,5
41,4
42,39
43,8
44,2
45,40
46,10
47,21
48,1
49,8
50,0
51,39
52,0
53,13
54,13
55,56
56,30
57,58
58,0
59,0
60,18
61,10
62,0
63,48
64,2
65,0
66,32
67,14
68,85
69,34
70,71
71,25
72,10
73,4
74,5
75,36
76,46
77,0
78,24
79,36
80,5
81,60
82,45
83,0
84,15
85,61
86,9
87,0
88,35
89,34
90,17
91,9
92,3
93,46
94,3
95,16
96,26
97,63
98,17
99,0
100,17
101,28
102,54
103,41
104,0
105,27
106,27
107,8
108,47
109,67
110,50
111,0
112,1
113,10
114,40
115,0
116,38
117,0
118,0
119,33
120,29
121,15
122,49
123,39
124,35
125,0
126,57
127,58
128,6
129,61
130,4
131,81
132,12
133,20
134,14
135,0
136,34
137,0
138,9
139,3
140,0
141,16
142,25
143,7
144,55
145,27
146,25
147,42
148,0
149,0
150,8
151,37
152,15
153,23
154,8
155,40
156,30
157,34
158,9
159,17
160,36
161,0
162,21
163,0
164,11
165,4
166,0
167,27
168,0
169,0
170,0
171,0
172,48
173,56
174,39
175,29
176,22
177,47
178,17
179,0
180,0
181,47
182,0
183,0
184,0
185,34
186,66
187,0
188,10
189,4
190,44
191,9
192,35
193,4
194,0
195,26
196,71
197,22
198,4
199,62
200,22
201,28
202,0
203,56
204,17
205,6
206,0
207,0
208,0
209,46
210,60
211,77
212,17
213,48
214,52
215,0
216,0
217,14
218,0
219,39
220,19
221,20
222,1
223,28
224,44
225,55
226,33
227,75
228,47
229,21
230,1
231,58
232,1
233,6
234,0
235,25
236,0
237,0
238,17
239,19
240,0
241,52
242,5
243,19
244,21
245,69
246,56
247,3
248,14
249,48
250,46
251,37
252,0
253,41
254,20
255,34
256,2
257,10
258,72
259,5
260,1
261,24
262,39
263,0
264,36
265,34
266,4
267,0
268,21
269,20
270,0
271,54
272,65
273,25
274,45
275,0
276,1
277,35
278,17
279,0
280,1
281,40
282,53
283,43
284,94
285,48
286,35
287,18
288,22
289,51
290,28
291,0
292,24
293,13
294,0
295,13
296,6
297,44
298,27
299,8
300,0
301,33
302,0
303,21
304,8
305,54
306,21
307,34
308,0
309,14
310,19
311,44
312,0
313,0
314,35
315,0
316,0
317,29
318,13
319,0
320,0
321,0
322,0
323,51
324,53
325,0
326,60
327,24
328,39
329,68
330,20
331,10
332,19
333,0
334,6
335,8
336,40
337,24
338,30
339,32
340,30
341,20
342,29
343,24
344,20
345,7
346,0
347,1
348,40
349,8
350,28
351,2
352,21
353,0
354,33
355,55
356,12
357,3
358,25
359,16
360,49
361,21
362,56
363,25
364,58
365,0
366,37
367,15
368,0
369,53
370,43
371,5
372,76
373,0
374,14
375,50
376,0
377,7
378,26
379,21
380,0
381,20
382,9
383,0
384,8
385,55
386,47
387,33
388,37
389,13
390,40
391,56
392,4
393,32
394,80
395,4
396,16
397,0
398,41
399,50
400,0
401,12
402,16
403,33
404,0
405,1
406,0
407,3
408,0
409,0
410,0
411,34
412,26
413,36
414,12
415,31
416,40
417,25
418,26
419,50
420,0
421,36
422,0
423,40
424,50
425,27
426,0
427,1
428,0
429,11
430,2
431,41
432,31
433,0
434,9
435,2
436,52
437,14
438,3
439,6
440,44
441,5
442,38
443,31
444,4
445,0
446,15
447,56
448,31
449,22
450,10
451,0
452,24
453,21
454,0
455,51
456,39
457,0
458,0
459,65
460,4
461,22
462,0
463,0
464,7
465,32
466,0
467,4
468,0
469,24
470,49
471,23
472,0
473,0
474,0
475,38
476,21
477,35
478,0
479,57
480,15
481,0
482,56
483,0
484,51
485,60
486,0
487,8
488,53
489,26
490,32
491,22
492,0
493,33
494,37
495,22
496,13
497,45
498,17
499,24
500,53
501,49
502,35
503,0
504,4
505,29
506,40
507,37
508,16
509,0
510,41
511,0
512,27
513,35
514,30
515,9
516,0
517,20
518,48
519,15
520,7
521,0
522,11
523,36
524,39
525,0
526,15
527,0
528,11
529,53
530,0
531,45
532,3
533,34
534,2
535,0
536,32
537,0
538,0
539,14
540,2
541,40
542,42
543,0
544,24
545,27
546,0
547,8
548,53
549,16
550,70
551,2
552,25
553,5
554,44
555,0
556,34
557,39
558,45
559,0
560,5
561,16
562,25
563,10
564,3
565,8
566,54
567,62
568,0
569,38
570,24
571,0
572,22
573,16
574,36
575,2
576,7
577,22
578,2
579,5
580,96
581,8
582,0
583,6
584,0
585,1
586,16
587,45
588,0
589,59
590,2
591,0
592,44
593,0
594,44
595,25
596,0
597,31
598,55
599,13
600,28
601,57
602,4
603,8
604,12
605,2
606,0
607,0
608,22
609,11
610,39
611,0
612,0
613,4
614,3
615,4
616,20
617,47
618,0
619,19
620,11
621,54
622,12
623,0
624,6
625,35
626,21
627,48
628,33
629,6
630,0
631,74
632,47
633,12
634,19
635,19
636,0
637,41
638,16
639,71
640,0
641,0
642,40
643,37
644,0
645,3
646,0
647,2
648,33
649,0
650,5
651,47
652,27
653,61
654,0
655,27
656,0
657,5
658,27
659,15
660,34
661,21
662,44
663,29
664,2
665,15
666,19
667,0
668,40
669,37
670,4
671,25
672,24
673,12
674,30
675,1
676,32
677,44
678,0
679,25
680,5
681,22
682,0
683,5
684,40
685,9
686,12
687,44
688,4
689,42
690,4
691,24
692,31
693,4
694,25
695,24
696,0
697,14
698,2
699,78
700,64
701,22
702,16
703,40
704,23
705,11
706,5
707,24
708,0
709,34
710,55
711,0
712,0
713,22
714,0
715,0
716,0
717,47
718,0
719,17
720,33
721,64
722,32
723,19
724,20
725,16
726,22
727,6
728,15
729,2
730,39
731,37
732,11
733,0
734,3
735,0
736,13
737,43
738,54
739,56
740,23
741,3
742,0
743,42
744,20
745,28
746,54
747,3
748,37
749,0
750,17
751,7
752,7
753,0
754,9
755,50
756,22
757,0
758,37
759,0
760,0
761,1
762,34
763,3
764,24
765,43
766,50
767,54
768,49
769,35
770,17
771,0
772,30
773,22
774,4
775,14
776,56
777,24
778,16
779,0
780,79
781,31
782,3
783,0
784,1
785,0
786,33
787,19
788,0
789,83
790,39
791,27
792,22
793,2
794,30
795,14
796,0
797,2
798,44
799,3
800,4
801,65
802,46
803,13
804,19
805,16
806,0
807,0
808,26
809,12
810,11
811,0
812,0
813,7
814,20
815,3
816,45
817,43
818,11
819,20
820,11
821,13
822,48
823,30
824,0
825,25
826,15
827,37
828,3
829,45
830,22
831,43
832,49
833,2
834,21
835,28
836,0
837,48
838,49
839,25
840,3
841,38
842,9
843,36
844,55
845,64
846,20
847,0
848,1
849,44
850,14
851,0
852,49
853,0
854,0
855,0
856,19
857,47
858,27
859,45
860,0
861,8
862,20
863,6
864,38
865,14
866,0
867,63
868,12
869,65
870,1
871,0
872,0
873,6
874,45
875,81
876,13
877,16
878,2
879,2
880,0
881,0
882,56
883,46
884,31
885,19
886,7
887,32
888,9
889,20
890,43
891,20
892,4
893,14
894,52
895,14
896,34
897,27
898,52
899,39
900,27
901,0
902,8
903,50
904,5
905,8
906,9
907,28
908,36
909,0
910,20
911,38
912,18
913,0
914,47
915,58
916,42
917,16
918,18
919,35
920,37
921,1
922,54
923,6
924,4
925,42
926,11
927,32
928,7
929,0
930,0
931,17
932,0
933,6
934,9
935,7
936,0
937,3
938,25
939,26
940,0
941,63
942,14
943,26
944,23
945,0
946,8
947,3
948,47
949,0
950,0
951,0
952,12
953,41
954,8
955,0
956,32
957,37
958,0
959,11
960,0
961,68
962,22
963,23
964,7
965,30
966,14
967,23
968,0
969,2
970,34
971,23
972,17
973,25
974,0
975,37
976,13
977,45
978,51
979,51
980,38
981,0
982,68
983,10
984,34
985,1
986,64
987,35
988,10
989,0
990,0
991,15
992,28
993,9
994,61
995,41
996,5
997,0
998,0
999,10
1000,1
1001,6
1002,23
1003,43
1004,0
1005,35
1006,36
1007,4
1008,42
1009,0
1010,2
1011,0
1012,1
1013,19
1014,64
1015,2
1016,0
1017,28
1018,20
1019,7
1020,25
1021,1
1022,31
1023,22
1024,73
1025,22
1026,48
1027,0
1028,49
1029,36
1030,38
1031,7
1032,22
1033,33
1034,3
1035,0
1036,37
1037,78
1038,0
1039,2
1040,0
1041,11
1042,50
1043,8
1044,0
1045,0
1046,8
1047,18
1048,1
1049,27
1050,39
1051,15
1052,42
1053,0
1054,24
1055,42
1056,33
1057,20
1058,0
1059,0
1060,1
1061,55
1062,0
1063,16
1064,40
1065,3
1066,3
1067,5
1068,0
1069,0
1070,0
1071,11
1072,4
1073,9
1074,16
1075,0
1076,34
1077,6
1078,43
1079,65
1080,76
1081,49
1082,3
1083,1
1084,0
1085,0
1086,43
1087,17
1088,0
1089,64
1090,9
1091,19
1092,42
1093,69
1094,0
1095,12
1096,35
1097,2
1098,23
1099,19
1100,41
1101,2
1102,69
1103,34
1104,46
1105,62
1106,75
1107,43
1108,5
1109,25
1110,0
1111,47
1112,0
1113,0
1114,18
1115,60
1116,0
1117,0
1118,24
1119,28
1120,37
1121,51
1122,9
1123,29
1124,17
1125,8
1126,47
1127,25
1128,57
1129,39
1130,0
1131,8
1132,52
1133,14
1134,37
1135,13
1136,14
1137,53
1138,58
1139,44
1140,1
1141,6
1142,0
1143,41
1144,55
1145,36
1146,1
1147,45
1148,34
1149,39
1150,17
1151,5
1152,22
1153,15
1154,3
1155,52
1156,25
1157,63
1158,24
1159,0
1160,64
1161,59
1162,0
1163,74
1164,0
1165,15
1166,0
1167,24
1168,48
1169,62
1170,0
1171,44
1172,0
1173,54
1174,0
1175,35
1176,17
1177,0
1178,24
1179,27
1180,0
1181,17
1182,16
1183,0
1184,33
1185,10
1186,0
1187,44
1188,56
1189,21
1190,24
1191,14
1192,12
1193,1
1194,35
1195,16
1196,7
1197,65
1198,0
1199,39
1200,22
1201,37
1202,66
1203,13
1204,15
1205,31
1206,1
1207,18
1208,29
1209,0
1210,32
1211,38
1212,0
1213,3
1214,0
1215,35
1216,45
1217,4
1218,0
1219,0
1220,32
1221,56
1222,42
1223,0
1224,51
1225,0
1226,54
1227,0
1228,17
1229,9
1230,31
1231,77
1232,11
1233,40
1234,5
1235,29
1236,0
1237,16
1238,0
1239,66
1240,60
1241,47
1242,3
1243,35
1244,15
1245,5
1246,3
1247,68
1248,0
1249,0
1250,49
1251,22
1252,0
1253,6
1254,43
1255,1
1256,36
1257,15
1258,0
1259,0
1260,49
1261,0
1262,0
1263,22
1264,29
1265,9
1266,29
1267,37
1268,47
1269,5
1270,42
1271,27
1272,38
1273,0
1274,26
1275,40
1276,0
1277,1
1278,30
1279,0
1280,0
1281,45
1282,36
1283,0
1284,39
1285,32
1286,19
1287,5
1288,48
1289,36
1290,31
1291,45
1292,62
1293,0
1294,0
1295,23
1296,0
1297,0
1298,0
1299,35
1300,37
1301,0
1302,33
1303,11
1304,47
1305,0
1306,46
1307,44
1308,0
1309,10
1310,43
1311,18
1312,4
1313,1
1314,39
1315,14
1316,20
1317,41
1318,20
1319,13
1320,31
1321,19
1322,65
1323,36
1324,30
1325,4
1326,42
1327,34
1328,2
1329,11
1330,0
1331,2
1332,15
1333,51
1334,3
1335,0
1336,43
1337,54
1338,30
1339,35
1340,11
1341,39
1342,18
1343,2
1344,42
1345,34
1346,8
1347,33
1348,43
1349,46
1350,17
1351,0
1352,0
1353,48
1354,19
1355,40
1356,42
1357,0
1358,63
1359,45
1360,0
1361,15
1362,2
1363,69
1364,0
1365,0
1366,13
1367,0
1368,29
1369,0
1370,0
1371,36
1372,66
1373,36
1374,0
1375,43
1376,14
1377,40
1378,31
1379,0
1380,48
1381,35
1382,14
1383,22
1384,63
1385,52
1386,41
1387,44
1388,23
1389,1
1390,0
1391,42
1392,6
1393,0
1394,22
1395,53
1396,36
1397,0
1398,41
1399,71
1400,57
1401,9
1402,18
1403,7
1404,20
1405,13
1406,47
1407,59
1408,0
1409,2
1410,8
1411,8
1412,29
1413,2
1414,33
1415,23
1416,0
1417,23
1418,0
1419,42
1420,5
1421,0
1422,15
1423,6
1424,48
1425,52
1426,44
1427,25
1428,42
1429,23
1430,0
1431,0
1432,28
1433,0
1434,18
1435,8
1436,25
1437,0
1438,0
1439,0
1440,7
1441,0
1442,41
1443,18
1444,28
1445,55
1446,6
1447,34
1448,0
1449,0
1450,8
1451,25
1452,45
1453,0
1454,27
1455,8
1456,69
1457,3
1458,0
1459,81
1460,20
1461,42
1462,11
1463,1
1464,0
1465,4
1466,14
1467,0
1468,0
1469,0
1470,7
1471,1
1472,6
1473,0
1474,64
1475,58
1476,20
1477,0
1478,8
1479,33
1480,10
1481,18
1482,0
1483,18
1484,28
1485,35
1486,29
1487,0
1488,25
1489,39
1490,0
1491,0
1492,0
1493,1
1494,35
1495,20
1496,18
1497,18
1498,36
1499,41
1500,81
1501,37
1502,23
1503,10
1504,37
1505,23
1506,67
1507,39
1508,12
1509,0
1510,10
1511,48
1512,57
1513,17
1514,0
1515,8
1516,61
1517,37
1518,0
1519,0
1520,5
1521,0
1522,34
1523,3
1524,28
1525,2
1526,50
1527,59
1528,2
1529,32
1530,41
1531,2
1532,6
1533,13
1534,0
1535,32
1536,21
1537,0
1538,44
1539,3
1540,0
1541,22
1542,58
1543,13
1544,52
1545,0
1546,0
1547,15
1548,3
1549,12
1550,27
1551,0
1552,0
1553,37
1554,6
1555,1
1556,0
1557,51
1558,37
1559,41
1560,16
1561,0
1562,44
1563,0
1564,30
1565,13
1566,0
1567,15
1568,2
1569,23
1570,45
1571,14
1572,0
1573,24
1574,11
1575,0
1576,0
1577,27
1578,17
1579,0
1580,3
1581,23
1582,0
1583,0
1584,39
1585,14
1586,20
1587,54
1588,0
1589,21
1590,0
1591,3
1592,38
1593,19
1594,0
1595,21
1596,59
1597,13
1598,15
1599,17
1600,16
1601,32
1602,72
1603,35
1604,14
1605,37
1606,44
1607,0
1608,0
1609,9
1610,32
1611,19
1612,24
1613,0
1614,52
1615,5
1616,17
1617,26
1618,3
1619,35
1620,15
1621,9
1622,0
1623,48
1624,44
1625,45
1626,14
1627,53
1628,47
1629,0
1630,48
1631,31
1632,43
1633,33
1634,41
1635,23
1636,0
1637,1
1638,0
1639,36
1640,26
1641,1
1642,47
1643,43
1644,24
1645,0
1646,24
1647,30
1648,16
1649,26
1650,0
1651,12
1652,50
1653,28
1654,0
1655,0
1656,10
1657,17
1658,22
1659,11
1660,62
1661,48
1662,32
1663,58
1664,2
1665,38
1666,25
1667,50
1668,35
1669,2
1670,48
1671,0
1672,34
1673,35
1674,5
1675,4
1676,8
1677,0
1678,28
1679,32
1680,47
1681,0
1682,0
1683,0
1684,51
1685,6
1686,20
1687,0
1688,8
1689,32
1690,55
1691,14
1692,0
1693,0
1694,40
1695,85
1696,48
1697,45
1698,33
1699,19
1700,0
1701,3
1702,3
1703,2
1704,23
1705,82
1706,9
1707,0
1708,39
1709,36
1710,0
1711,48
1712,29
1713,11
1714,42
1715,4
1716,19
1717,1
1718,0
1719,23
1720,0
1721,69
1722,0
1723,13
1724,34
1725,0
1726,5
1727,11
1728,2
1729,5
1730,46
1731,0
1732,5
1733,10
1734,37
1735,66
1736,30
1737,0
1738,18
1739,0
1740,10
1741,11
1742,35
1743,0
1744,44
1745,0
1746,0
1747,23
1748,4
1749,0
1750,12
1751,0
1752,8
1753,4
1754,3
1755,25
1756,52
1757,23
1758,12
1759,28
1760,32
1761,16
1762,0
1763,0
1764,28
1765,30
1766,0
1767,6
1768,8
1769,33
1770,10
1771,38
1772,28
1773,0
1774,7
1775,5
1776,28
1777,0
1778,0
1779,32
1780,15
1781,6
1782,5
1783,45
1784,0
1785,32
1786,46
1787,0
1788,5
1789,6
1790,2
1791,17
1792,43
1793,0
1794,0
1795,25
1796,40
1797,0
1798,37
1799,11
1800,6
1801,0
1802,24
1803,44
1804,0
1805,36
1806,19
1807,58
1808,67
1809,32
1810,0
1811,32
1812,20
1813,34
1814,9
1815,26
1816,0
1817,3
1818,27
1819,53
1820,24
1821,14
1822,2
1823,10
1824,30
1825,12
1826,15
1827,55
1828,21
1829,52
1830,16
1831,14
1832,26
1833,11
1834,30
1835,0
1836,4
1837,0
1838,35
1839,0
1840,5
1841,19
1842,0
1843,44
1844,3
1845,0
1846,0
1847,36
1848,0
1849,5
1850,14
1851,0
1852,13
1853,0
1854,0
1855,60
1856,7
1857,0
1858,5
1859,31
1860,0
1861,62
1862,12
1863,52
1864,5
1865,37
1866,1
1867,32
1868,6
1869,11
1870,26
1871,0
1872,33
1873,19
1874,1
1875,28
1876,30
1877,38
1878,29
1879,20
1880,0
1881,5
1882,1
1883,5
1884,0
1885,16
1886,0
1887,42
1888,0
1889,18
1890,22
1891,54
1892,1
1893,60
1894,0
1895,61
1896,29
1897,0
1898,21
1899,10
1900,17
1901,0
1902,0
1903,5
1904,62
1905,49
1906,9
1907,0
1908,64
1909,41
1910,59
1911,36
1912,0
1913,0
1914,0
1915,21
1916,9
1917,10
1918,0
1919,39
1920,47
1921,16
1922,27
1923,0
1924,58
1925,13
1926,1
1927,40
1928,66
1929,0
1930,5
1931,0
1932,1
1933,21
1934,36
1935,44
1936,3
1937,30
1938,63
1939,9
1940,34
1941,29
1942,66
1943,60
1944,19
1945,0
1946,79
1947,22
1948,0
1949,0
1950,0
1951,54
1952,0
1953,0
1954,0
1955,32
1956,0
1957,43
1958,24
1959,0
1960,0
1961,20
1962,11
1963,22
1964,13
1965,0
1966,54
1967,50
1968,42
1969,67
1970,0
1971,4
1972,38
1973,35
1974,54
1975,0
1976,20
1977,0
1978,0
1979,4
1980,33
1981,44
1982,34
1983,28
1984,40
1985,7
1986,13
1987,32
1988,0
1989,47
1990,32
1991,0
1992,47
1993,41
1994,63
1995,0
1996,61
1997,40
1998,0
1999,2
2000,1
2001,15
2002,3
2003,20
2004,24
2005,29
2006,9
2007,36
2008,56
2009,0
2010,53
2011,0
2012,35
2013,81
2014,4
2015,72
2016,53
2017,31
2018,0
2019,6
2020,32
2021,0
2022,0
2023,30
2024,42
2025,17
2026,0
2027,45
2028,0
2029,36
2030,54
2031,50
2032,49
2033,37
2034,38
2035,28
2036,14
2037,21
2038,0
2039,7
2040,52
2041,17
2042,0
2043,0
2044,18
2045,15
2046,24
2047,46
2048,27
2049,0
2050,36
2051,43
2052,59
2053,28
2054,63
2055,37
2056,45
2057,0
2058,5
2059,59
2060,0
2061,39
2062,0
2063,58
2064,17
2065,5
2066,3
2067,2
2068,30
2069,26
2070,2
2071,30
2072,2
2073,6
2074,54
2075,20
2076,14
2077,13
2078,13
2079,10
2080,64
2081,0
2082,79
2083,27
2084,37
2085,5
2086,52
2087,0
2088,15
2089,11
2090,36
2091,27
2092,11
2093,3
2094,19
2095,21
2096,46
2097,55
2098,41
2099,28
2100,8
2101,47
2102,24
2103,57
2104,20
2105,2
2106,1
2107,7
2108,0
2109,19
2110,0
2111,29
2112,0
2113,37
2114,22
2115,3
2116,16
2117,14
2118,44
2119,47
2120,33
2121,0
2122,54
2123,53
2124,16
2125,43
2126,82
2127,24
2128,33
2129,44
2130,0
2131,65
2132,0
2133,34
2134,21
2135,5
2136,22
2137,23
2138,10
2139,26
2140,16
2141,0
2142,67
2143,26
2144,13
2145,0
2146,0
2147,43
2148,12
2149,50
2150,19
2151,9
2152,21
2153,0
2154,13
2155,17
2156,29
2157,0
2158,7
2159,7
2160,19
2161,9
2162,62
2163,42
2164,30
2165,0
2166,42
2167,12
2168,11
2169,3
2170,17
2171,4
2172,3
2173,24
2174,26
2175,6
2176,1
2177,5
2178,0
2179,29
2180,45
2181,44
2182,3
2183,2
2184,63
2185,0
2186,74
2187,0
2188,76
2189,0
2190,44
2191,0
2192,11
2193,23
2194,0
2195,40
2196,0
2197,24
2198,25
2199,6
2200,12
2201,0
2202,0
2203,0
2204,68
2205,26
2206,51
2207,0
2208,3
2209,0
2210,1
2211,0
2212,0
2213,31
2214,57
2215,0
2216,42
2217,47
2218,10
2219,0
2220,0
2221,27
2222,21
2223,12
2224,83
2225,5
2226,0
2227,44
2228,62
2229,0
2230,27
2231,52
2232,0
2233,24
2234,0
2235,6
2236,29
2237,40
2238,12
2239,13
2240,36
2241,0
2242,29
2243,18
2244,51
2245,0
2246,0
2247,22
2248,18
2249,19
2250,50
2251,7
2252,57
2253,36
2254,57
2255,48
2256,9
2257,3
2258,43
2259,68
2260,0
2261,11
2262,31
2263,57
2264,70
2265,25
2266,4
2267,30
2268,37
2269,22
2270,22
2271,20
2272,3
2273,18
2274,36
2275,40
2276,1
2277,0
2278,19
2279,7
2280,21
2281,32
2282,7
2283,55
2284,45
2285,20
2286,66
2287,6
2288,42
2289,2
2290,50
2291,77
2292,20
2293,14
2294,19
2295,22
2296,3
2297,18
2298,38
2299,3
2300,0
2301,9
2302,0
2303,3
2304,46
2305,78
2306,14
2307,0
2308,25
2309,39
2310,0
2311,20
2312,36
2313,36
2314,0
2315,15
2316,2
2317,70
2318,0
2319,26
2320,22
2321,40
2322,32
2323,62
2324,23
2325,0
2326,55
2327,0
2328,53
2329,4
2330,17
2331,0
2332,38
2333,49
2334,0
2335,4
2336,48
2337,52
2338,0
2339,12
2340,4
2341,28
2342,33
2343,23
2344,24
2345,24
2346,16
2347,18
2348,62
2349,61
2350,0
2351,51
2352,0
2353,34
2354,0
2355,59
2356,26
2357,52
2358,15
2359,32
2360,9
2361,0
2362,0
2363,8
2364,52
2365,31
2366,0
2367,14
2368,43
2369,42
2370,28
2371,4
2372,62
2373,9
2374,6
2375,16
2376,29
2377,40
2378,73
2379,7
2380,0
2381,20
2382,58
2383,34
2384,7
2385,3
2386,3
2387,3
2388,50
2389,2
2390,22
2391,22
2392,0
2393,28
2394,22
2395,3
2396,0
2397,10
2398,0
2399,22
2400,57
2401,37
2402,3
2403,48
2404,9
2405,14
2406,2
2407,11
2408,63
2409,6
2410,51
2411,18
2412,44
2413,0
2414,31
2415,26
2416,0
2417,41
2418,71
2419,29
2420,20
2421,44
2422,19
2423,21
2424,45
2425,35
2426,42
2427,19
2428,37
2429,24
2430,2
2431,49
2432,35
2433,25
2434,6
2435,48
2436,52
2437,0
2438,54
2439,50
2440,48
2441,0
2442,24
2443,0
2444,41
2445,23
2446,21
2447,18
2448,11
2449,7
2450,18
2451,33
2452,34
2453,41
2454,45
2455,39
2456,6
2457,1
2458,0
2459,37
2460,9
2461,4
2462,26
2463,65
2464,9
2465,27
2466,46
2467,0
2468,41
2469,36
2470,0
2471,0
2472,0
2473,66
2474,17
2475,12
2476,34
2477,11
2478,56
2479,0
2480,0
2481,51
2482,0
2483,0
2484,43
2485,50
2486,33
2487,0
2488,45
2489,23
2490,6
2491,42
2492,56
2493,5
2494,0
2495,0
2496,5
2497,42
2498,0
2499,6
2500,2
2501,12
2502,62
2503,41
2504,40
2505,0
2506,35
2507,29
2508,47
2509,0
2510,0
2511,63
2512,18
2513,67
2514,0
2515,16
2516,9
2517,20
2518,4
2519,34
2520,26
2521,43
2522,0
2523,43
2524,16
2525,18
2526,7
2527,0
2528,0
2529,32
2530,33
2531,23
2532,51
2533,6
2534,16
2535,18
2536,33
2537,3
2538,0
2539,59
2540,0
2541,8
2542,2
2543,0
2544,2
2545,6
2546,0
2547,0
2548,10
2549,0
2550,38
2551,3
2552,1
2553,32
2554,24
2555,7
2556,0
2557,0
2558,0
2559,44
2560,34
2561,32
2562,26
2563,0
2564,0
2565,0
2566,0
2567,13
2568,10
2569,28
2570,32
2571,1
2572,23
2573,32
2574,32
2575,63
2576,67
2577,9
2578,2
2579,0
2580,49
2581,8
2582,20
2583,37
2584,11
2585,35
2586,47
2587,44
2588,0
2589,55
2590,12
2591,13
2592,1
2593,2
2594,42
2595,28
2596,11
2597,69
2598,0
2599,44
2600,0
2601,0
2602,0
2603,18
2604,22
2605,17
2606,20
2607,15
2608,19
2609,22
2610,0
2611,25
2612,36
2613,0
2614,35
2615,21
2616,12
2617,0
2618,3
2619,2
2620,25
2621,1
2622,0
2623,36
2624,23
2625,0
2626,40
2627,45
2628,0
2629,59
2630,9
2631,21
2632,40
2633,0
2634,17
2635,12
2636,0
2637,58
2638,48
2639,24
2640,5
2641,57
2642,0
2643,18
2644,0
2645,0
2646,15
2647,21
2648,51
2649,38
2650,27
2651,10
2652,31
2653,0
2654,0
2655,26
2656,0
2657,13
2658,1
2659,16
2660,63
2661,44
2662,0
2663,48
2664,38
2665,27
2666,0
2667,0
2668,23
2669,10
2670,4
2671,9
2672,39
2673,27
2674,32
2675,0
2676,0
2677,0
2678,15
2679,41
2680,30
2681,43
2682,27
2683,0
2684,0
2685,31
2686,3
2687,33
2688,20
2689,0
2690,40
2691,0
2692,23
2693,39
2694,62
2695,11
2696,44
2697,1
2698,57
2699,11
2700,0
2701,0
2702,0
2703,57
2704,20
2705,14
2706,48
2707,2
2708,55
2709,13
2710,1
2711,0
2712,0
2713,36
2714,2
2715,44
2716,0
2717,21
2718,55
2719,27
2720,30
2721,20
2722,42
2723,2
2724,0
2725,36
2726,27
2727,1
2728,11
2729,40
2730,38
2731,59
2732,34
2733,25
2734,0
2735,41
2736,22
2737,5
2738,28
2739,0
2740,0
2741,21
2742,27
2743,36
2744,15
2745,26
2746,14
2747,22
2748,40
2749,21
2750,0
2751,60
2752,0
2753,16
2754,0
2755,60
2756,0
2757,13
2758,26
2759,57
2760,0
2761,34
2762,19
2763,56
2764,55
2765,0
2766,0
2767,15
2768,28
2769,52
2770,43
2771,8
2772,38
2773,27
2774,0
2775,40
2776,1
2777,35
2778,17
2779,12
2780,72
2781,10
2782,0
2783,18
2784,15
2785,0
2786,25
2787,30
2788,0
2789,42
2790,0
2791,32
2792,2
2793,5
2794,67
2795,50
2796,37
2797,31
2798,23
2799,47
2800,14
2801,14
2802,0
2803,47
2804,0
2805,48
2806,42
2807,61
2808,45
2809,26
2810,10
2811,34
2812,8
2813,0
2814,51
2815,3
2816,3
2817,11
2818,3
2819,26
2820,65
2821,0
2822,4
2823,0
2824,38
2825,43
2826,30
2827,4
2828,54
2829,23
2830,12
2831,29
2832,63
2833,40
2834,65
2835,14
2836,47
2837,0
2838,3
2839,71
2840,3
2841,14
2842,59
2843,23
2844,25
2845,0
2846,12
2847,8
2848,5
2849,0
2850,8
2851,0
2852,9
2853,0
2854,34
2855,8
2856,1
2857,8
2858,15
2859,21
2860,30
2861,19
2862,28
2863,0
2864,5
2865,12
2866,71
2867,31
2868,1
2869,44
2870,23
2871,49
2872,45
2873,57
2874,8
2875,0
2876,67
2877,0
2878,67
2879,0
2880,44
2881,3
2882,53
2883,6
2884,56
2885,6
2886,49
2887,2
2888,0
2889,53
2890,12
2891,48
2892,10
2893,10
2894,0
2895,7
2896,21
2897,22
2898,17
2899,0
2900,2
2901,20
2902,17
2903,0
2904,0
2905,0
2906,42
2907,44
2908,0
2909,32
2910,49
2911,0
2912,49
2913,47
2914,0
2915,67
2916,3
2917,47
2918,46
2919,21
2920,21
2921,63
2922,4
2923,14
2924,0
2925,29
2926,28
2927,13
2928,41
2929,0
2930,0
2931,3
2932,52
2933,18
2934,33
2935,13
2936,4
2937,12
2938,21
2939,31
2940,26
2941,21
2942,16
2943,29
2944,15
2945,46
2946,42
2947,34
2948,28
2949,38
2950,0
2951,66
2952,32
2953,24
2954,50
2955,33
2956,11
2957,55
2958,29
2959,0
2960,0
2961,0
2962,28
2963,0
2964,1
2965,21
2966,3
2967,30
2968,35
2969,0
2970,20
2971,37
2972,40
2973,28
2974,4
2975,39
2976,68
2977,31
2978,33
2979,4
2980,1
2981,9
2982,46
2983,0
2984,3
2985,18
2986,0
2987,0
2988,0
2989,0
2990,3
2991,32
2992,19
2993,19
2994,54
2995,53
2996,0
2997,21
2998,41
2999,43
3000,7
3001,25
3002,41
3003,41
3004,18
3005,11
3006,0
3007,31
3008,46
3009,3
3010,24
3011,23
3012,48
3013,43
3014,0
3015,37
3016,15
3017,23
3018,21
3019,33
3020,0
3021,55
3022,48
3023,27
3024,67
3025,5
3026,3
3027,26
3028,42
3029,36
3030,16
3031,39
3032,0
3033,0
3034,44
3035,0
3036,28
3037,7
3038,6
3039,41
3040,5
3041,38
3042,12
3043,25
3044,59
3045,31
3046,15
3047,0
3048,16
3049,40
3050,28
3051,40
3052,2
3053,26
3054,32
3055,1
3056,53
3057,10
3058,4
3059,28
3060,0
3061,6
3062,0
3063,3
3064,15
3065,0
3066,34
3067,8
3068,3
3069,65
3070,22
3071,68
3072,4
3073,38
3074,19
3075,7
3076,0
3077,42
3078,7
3079,23
3080,5
3081,5
3082,31
3083,38
3084,0
3085,0
3086,86
3087,27
3088,18
3089,27
3090,42
3091,30
3092,30
3093,35
3094,51
3095,53
3096,50
3097,0
3098,52
3099,0
3100,0
3101,47
3102,41
3103,32
3104,59
3105,34
3106,0
3107,0
3108,37
3109,45
3110,0
3111,34
3112,21
3113,11
3114,9
3115,2
3116,16
3117,34
3118,0
3119,19
3120,0
3121,0
3122,0
3123,48
3124,48
3125,44
3126,2
3127,44
3128,0
3129,39
3130,0
3131,34
3132,0
3133,21
3134,0
3135,6
3136,38
3137,44
3138,26
3139,27
3140,23
3141,25
3142,49
3143,48
3144,50
3145,46
3146,4
3147,0
3148,26
3149,0
3150,41
3151,19
3152,63
3153,9
3154,0
3155,20
3156,4
3157,34
3158,34
3159,54
3160,73
3161,33
3162,45
3163,14
3164,27
3165,31
3166,60
3167,0
3168,11
3169,44
3170,0
3171,0
3172,11
3173,14
3174,0
3175,48
3176,30
3177,13
3178,28
3179,0
3180,10
3181,26
3182,66
3183,0
3184,38
3185,6
3186,27
3187,10
3188,46
3189,0
3190,34
3191,5
3192,35
3193,51
3194,0
3195,1
3196,69
3197,0
3198,12
3199,0
3200,46
3201,0
3202,13
3203,25
3204,10
3205,2
3206,7
3207,38
3208,15
3209,54
3210,27
3211,46
3212,26
3213,16
3214,0
3215,33
3216,27
3217,12
3218,44
3219,0
3220,17
3221,66
3222,44
3223,12
3224,7
3225,21
3226,10
3227,0
3228,54
3229,0
3230,45
3231,62
3232,5
3233,7
3234,5
3235,0
3236,0
3237,0
3238,16
3239,16
3240,56
3241,54
3242,22
3243,40
3244,31
3245,41
3246,1
3247,31
3248,0
3249,23
3250,10
3251,0
3252,0
3253,34
3254,38
3255,47
3256,6
3257,28
3258,9
3259,31
3260,33
3261,24
3262,37
3263,64
3264,0
3265,9
3266,0
3267,0
3268,32
3269,69
3270,0
3271,0
3272,46
3273,0
3274,24
3275,44
3276,45
3277,9
3278,44
3279,1
3280,33
3281,27
3282,0
3283,0
3284,37
3285,16
3286,39
3287,0
3288,43
3289,43
3290,0
3291,17
3292,0
3293,0
3294,18
3295,0
3296,8
3297,27
3298,45
3299,4
3300,42
3301,0
3302,6
3303,15
3304,70
3305,0
3306,20
3307,58
3308,58
3309,48
3310,58
3311,10
3312,53
3313,16
3314,36
3315,0
3316,1
3317,12
3318,0
3319,33
3320,8
3321,26
3322,0
3323,35
3324,40
3325,43
3326,23
3327,17
3328,0
3329,0
3330,15
3331,44
3332,8
3333,1
3334,4
3335,15
3336,43
3337,3
3338,0
3339,29
3340,0
3341,18
3342,50
3343,10
3344,35
3345,20
3346,15
3347,54
3348,15
3349,0
3350,0
3351,16
3352,22
3353,10
3354,14
3355,0
3356,12
3357,26
3358,0
3359,39
3360,11
3361,40
3362,2
3363,1
3364,9
3365,0
3366,0
3367,57
3368,44
3369,31
3370,45
3371,12
3372,52
3373,6
3374,0
3375,0
3376,5
3377,34
3378,0
3379,26
3380,0
3381,23
3382,0
3383,13
3384,9
3385,27
3386,0
3387,25
3388,33
3389,0
3390,0
3391,37
3392,2
3393,6
3394,71
3395,38
3396,11
3397,0
3398,22
3399,0
3400,0
3401,26
3402,0
3403,0
3404,0
3405,5
3406,0
3407,22
3408,38
3409,48
3410,23
3411,40
3412,5
3413,14
3414,58
3415,0
3416,5
3417,67
3418,29
3419,41
3420,56
3421,1
3422,60
3423,6
3424,39
3425,30
3426,0
3427,38
3428,13
3429,27
3430,1
3431,51
3432,4
3433,2
3434,67
3435,1
3436,19
3437,0
3438,26
3439,72
3440,39
3441,30
3442,0
3443,48
3444,25
3445,39
3446,43
3447,6
3448,9
3449,34
3450,26
3451,0
3452,0
3453,15
3454,0
3455,21
3456,68
3457,18
3458,0
3459,3
3460,43
3461,13
3462,12
3463,73
3464,0
3465,24
3466,27
3467,0
3468,22
3469,37
3470,49
3471,21
3472,6
3473,8
3474,56
3475,35
3476,43
3477,10
3478,35
3479,0
3480,5
3481,54
3482,36
3483,65
3484,52
3485,52
3486,3
3487,45
3488,26
3489,24
3490,25
3491,36
3492,7
3493,1
3494,2
3495,0
3496,50
3497,14
3498,43
3499,44
3500,13
3501,41
3502,0
3503,16
3504,40
3505,36
3506,0
3507,60
3508,34
3509,23
3510,71
3511,0
3512,0
3513,66
3514,12
3515,54
3516,14
3517,46
3518,29
3519,21
3520,53
3521,0
3522,13
3523,0
3524,0
3525,0
3526,0
3527,73
3528,30
3529,47
3530,8
3531,0
3532,25
3533,48
3534,64
3535,41
3536,5
3537,41
3538,44
3539,25
3540,7
3541,20
3542,0
3543,65
3544,0
3545,28
3546,11
3547,67
3548,59
3549,33
3550,23
3551,37
3552,56
3553,0
3554,0
3555,20
3556,29
3557,19
3558,11
3559,42
3560,0
3561,21
3562,49
3563,36
3564,46
3565,47
3566,1
3567,31
3568,0
3569,16
3570,0
3571,27
3572,12
3573,75
3574,0
3575,0
3576,0
3577,50
3578,27
3579,47
3580,17
3581,44
3582,19
3583,31
3584,0
3585,17
3586,48
3587,65
3588,13
3589,42
3590,5
3591,65
3592,48
3593,0
3594,32
3595,9
3596,1
3597,34
3598,31
3599,22
3600,0
3601,0
3602,42
3603,72
3604,2
3605,42
3606,33
3607,0
3608,0
3609,19
3610,29
3611,0
3612,55
3613,1
3614,94
3615,15
3616,0
3617,4
3618,9
3619,0
3620,36
3621,0
3622,29
3623,26
3624,0
3625,52
3626,57
3627,0
3628,0
3629,0
3630,10
3631,14
3632,33
3633,47
3634,13
3635,0
3636,13
3637,37
3638,39
3639,0
3640,0
3641,31
3642,0
3643,39
3644,17
3645,54
3646,29
3647,43
3648,0
3649,0
3650,49
3651,58
3652,1
3653,63
3654,18
3655,36
3656,9
3657,5
3658,1
3659,33
3660,0
3661,59
3662,55
3663,38
3664,37
3665,34
3666,5
3667,18
3668,29
3669,0
3670,45
3671,0
3672,0
3673,7
3674,38
3675,44
3676,27
3677,0
3678,62
3679,0
3680,32
3681,39
3682,3
3683,30
3684,3
3685,21
3686,50
3687,4
3688,31
3689,25
3690,22
3691,0
3692,25
3693,46
3694,7
3695,11
3696,78
3697,17
3698,16
3699,14
3700,42
3701,0
3702,4
3703,20
3704,42
3705,61
3706,14
3707,0
3708,39
3709,37
3710,41
3711,49
3712,22
3713,43
3714,68
3715,28
3716,0
3717,12
3718,0
3719,9
3720,0
3721,3
3722,10
3723,43
3724,35
3725,1
3726,68
3727,15
3728,33
3729,32
3730,43
3731,31
3732,0
3733,1
3734,40
3735,54
3736,0
3737,51
3738,33
3739,0
3740,14
3741,47
3742,77
3743,27
3744,33
3745,5
3746,17
3747,39
3748,12
3749,84
3750,10
3751,64
3752,16
3753,41
3754,21
3755,0
3756,33
3757,7
3758,32
3759,0
3760,35
3761,44
3762,0
3763,8
3764,35
3765,28
3766,36
3767,56
3768,33
3769,2
3770,0
3771,36
3772,0
3773,9
3774,8
3775,72
3776,0
3777,2
3778,0
3779,36
3780,35
3781,1
3782,43
3783,8
3784,0
3785,5
3786,0
3787,12
3788,0
3789,49
3790,24
3791,0
3792,28
3793,14
3794,3
3795,0
3796,9
3797,17
3798,0
3799,48
3800,0
3801,2
3802,0
3803,27
3804,28
3805,14
3806,4
3807,58
3808,23
3809,10
3810,25
3811,36
3812,33
3813,6
3814,0
3815,6
3816,39
3817,0
3818,16
3819,12
3820,0
3821,11
3822,0
3823,8
3824,16
3825,24
3826,3
3827,74
3828,24
3829,2
3830,33
3831,0
3832,9
3833,31
3834,16
3835,38
3836,1
3837,0
3838,62
3839,31
3840,8
3841,9
3842,16
3843,22
3844,9
3845,30
3846,47
3847,44
3848,0
3849,0
3850,38
3851,13
3852,41
3853,11
3854,29
3855,7
3856,0
3857,17
3858,50
3859,29
3860,26
3861,9
3862,1
3863,2
3864,59
3865,15
3866,16
3867,27
3868,52
3869,27
3870,13
3871,14
3872,4
3873,40
3874,51
3875,64
3876,3
3877,52
3878,33
3879,2
3880,10
3881,0
3882,40
3883,3
3884,48
3885,12
3886,17
3887,15
3888,0
3889,37
3890,20
3891,20
3892,18
3893,0
3894,9
3895,14
3896,6
3897,0
3898,17
3899,0
3900,26
3901,5
3902,37
3903,64
3904,0
3905,65
3906,0
3907,0
3908,28
3909,12
3910,6
3911,0
3912,2
3913,40
3914,4
3915,21
3916,28
3917,6
3918,22
3919,0
3920,0
3921,0
3922,30
3923,35
3924,25
3925,7
3926,1
3927,16
3928,31
3929,0
3930,17
3931,35
3932,0
3933,56
3934,0
3935,6
3936,23
3937,2
3938,63
3939,0
3940,54
3941,0
3942,17
3943,34
3944,40
3945,0
3946,26
3947,13
3948,53
3949,0
3950,0
3951,0
3952,35
3953,21
3954,40
3955,0
3956,24
3957,48
3958,5
3959,0
3960,15
3961,67
3962,33
3963,15
3964,0
3965,2
3966,1
3967,42
3968,11
3969,12
3970,0
3971,2
3972,26
3973,59
3974,17
3975,0
3976,2
3977,9
3978,4
3979,0
3980,32
3981,0
3982,26
3983,17
3984,24
3985,45
3986,4
3987,53
3988,18
3989,28
3990,1
3991,38
3992,70
3993,41
3994,0
3995,29
3996,52
3997,31
3998,8
3999,44
4000,7
4001,34
4002,0
4003,18
4004,44
4005,0
4006,0
4007,25
4008,0
4009,0
4010,34
4011,0
4012,41
4013,29
4014,12
4015,11
4016,0
4017,41
4018,15
4019,38
4020,4
4021,52
4022,32
4023,38
4024,27
4025,59
4026,34
4027,43
4028,61
4029,78
4030,42
4031,10
4032,1
4033,8
4034,6
4035,2
4036,4
4037,22
4038,60
4039,43
4040,30
4041,0
4042,22
4043,43
4044,18
4045,11
4046,5
4047,0
4048,20
4049,68
4050,54
4051,25
4052,12
4053,22
4054,6
4055,32
4056,48
4057,23
4058,0
4059,36
4060,0
4061,0
4062,34
4063,52
4064,35
4065,34
4066,0
4067,18
4068,7
4069,0
4070,63
4071,39
4072,0
4073,0
4074,0
4075,7
4076,0
4077,0
4078,14
4079,51
4080,51
4081,61
4082,26
4083,0
4084,2
4085,3
4086,0
4087,22
4088,61
4089,18
4090,0
4091,34
4092,49
4093,0
4094,0
4095,37
4096,0
4097,0
4098,27
4099,0
4100,47
4101,12
4102,20
4103,45
4104,35
4105,29
4106,9
4107,0
4108,11
4109,32
4110,11
4111,0
4112,47
4113,53
4114,41
4115,0
4116,41
4117,3
4118,4
4119,0
4120,40
4121,41
4122,44
4123,19
4124,24
4125,36
4126,0
4127,0
4128,15
4129,3
4130,0
4131,12
4132,0
4133,42
4134,40
4135,34
4136,29
4137,6
4138,0
4139,38
4140,0
4141,14
4142,4
4143,29
4144,0
4145,8
4146,0
4147,0
4148,23
4149,13
4150,44
4151,68
4152,8
4153,18
4154,9
4155,55
4156,26
4157,23
4158,2
4159,53
4160,8
4161,0
4162,34
4163,0
4164,40
4165,27
4166,1
4167,0
4168,3
4169,13
4170,0
4171,1
4172,28
4173,27
4174,0
4175,15
4176,0
4177,28
4178,0
4179,14
4180,0
4181,0
4182,30
4183,49
4184,41
4185,0
4186,21
4187,92
4188,19
4189,36
4190,2
4191,21
4192,0
4193,0
4194,44
4195,11
4196,2
4197,17
4198,41
4199,0
4200,0
4201,62
4202,0
4203,32
4204,54
4205,2
4206,9
4207,0
4208,0
4209,20
4210,30
4211,8
4212,10
4213,41
4214,70
4215,69
4216,13
4217,16
4218,0
4219,0
4220,22
4221,65
4222,53
4223,17
4224,29
4225,0
4226,11
4227,42
4228,28
4229,0
4230,0
4231,1
4232,41
4233,18
4234,0
4235,14
4236,11
4237,23
4238,51
4239,0
4240,22
4241,44
4242,61
4243,0
4244,20
4245,30
4246,0
4247,4
4248,0
4249,0
4250,7
4251,0
4252,4
4253,8
4254,38
4255,45
4256,0
4257,2
4258,0
4259,0
4260,12
4261,4
4262,21
4263,0
4264,9
4265,46
4266,63
4267,29
4268,6
4269,0
4270,40
4271,20
4272,0
4273,10
4274,28
4275,43
4276,20
4277,4
4278,26
4279,5
4280,51
4281,7
4282,50
4283,26
4284,0
4285,37
4286,3
4287,16
4288,16
4289,54
4290,31
4291,3
4292,1
4293,3
4294,37
4295,55
4296,30
4297,2
4298,13
4299,12
4300,28
4301,8
4302,9
4303,16
4304,17
4305,8
4306,0
4307,13
4308,28
4309,44
4310,0
4311,37
4312,10
4313,0
4314,17
4315,0
4316,37
4317,23
4318,2
4319,27
4320,40
4321,26
4322,3
4323,36
4324,0
4325,1
4326,1
4327,28
4328,42
4329,45
4330,9
4331,0
4332,44
4333,32
4334,0
4335,26
4336,24
4337,5
4338,4
4339,52
4340,0
4341,6
4342,70
4343,50
4344,49
4345,0
4346,42
4347,11
4348,30
4349,39
4350,22
4351,24
4352,40
4353,37
4354,4
4355,60
4356,4
4357,0
4358,72
4359,36
4360,45
4361,41
4362,24
4363,6
4364,37
4365,14
4366,0
4367,36
4368,12
4369,8
4370,16
4371,0
4372,20
4373,47
4374,0
4375,26
4376,53
4377,58
4378,44
4379,0
4380,0
4381,0
4382,42
4383,17
4384,28
4385,25
4386,19
4387,37
4388,7
4389,31
4390,15
4391,0
4392,12
4393,17
4394,43
4395,35
4396,27
4397,26
4398,53
4399,5
4400,51
4401,11
4402,10
4403,2
4404,21
4405,34
4406,2
4407,27
4408,38
4409,50
4410,21
4411,38
4412,33
4413,0
4414,14
4415,47
4416,49
4417,1
4418,37
4419,40
4420,18
4421,0
4422,0
4423,36
4424,0
4425,17
4426,0
4427,19
4428,9
4429,32
4430,52
4431,21
4432,48
4433,67
4434,31
4435,23
4436,44
4437,2
4438,36
4439,47
4440,49
4441,36
4442,28
4443,0
4444,7
4445,15
4446,2
4447,3
4448,0
4449,0
4450,0
4451,2
4452,41
4453,36
4454,15
4455,0
4456,18
4457,40
4458,44
4459,56
4460,21
4461,36
4462,12
4463,0
4464,53
4465,0
4466,0
4467,0
4468,36
4469,0
4470,25
4471,40
4472,43
4473,38
4474,56
4475,55
4476,0
4477,9
4478,7
4479,26
4480,0
4481,1
4482,15
4483,0
4484,6
4485,15
4486,35
4487,33
4488,0
4489,17
4490,0
4491,6
4492,41
4493,48
4494,53
4495,0
4496,0
4497,5
4498,2
4499,17
4500,43
4501,54
4502,26
4503,28
4504,23
4505,1
4506,0
4507,0
4508,37
4509,22
4510,21
4511,0
4512,19
4513,16
4514,29
4515,42
4516,0
4517,4
4518,7
4519,22
4520,9
4521,7
4522,0
4523,21
4524,24
4525,3
4526,61
4527,0
4528,0
4529,16
4530,0
4531,21
4532,8
4533,0
4534,26
4535,52
4536,37
4537,0
4538,25
4539,65
4540,29
4541,0
4542,79
4543,8
4544,19
4545,0
4546,5
4547,6
4548,67
4549,29
4550,57
4551,0
4552,9
4553,33
4554,8
4555,24
4556,0
4557,21
4558,7
4559,4
4560,17
4561,39
4562,55
4563,0
4564,53
4565,13
4566,29
4567,46
4568,0
4569,0
4570,0
4571,0
4572,8
4573,35
4574,15
4575,58
4576,49
4577,0
4578,50
4579,41
4580,30
4581,2
4582,41
4583,15
4584,27
4585,19
4586,17
4587,29
4588,16
4589,0
4590,47
4591,2
4592,1
4593,0
4594,21
4595,50
4596,0
4597,33
4598,19
4599,16
4600,0
4601,8
4602,29
4603,22
4604,29
4605,19
4606,35
4607,19
4608,0
4609,49
4610,5
4611,9
4612,6
4613,0
4614,51
4615,0
4616,34
4617,11
4618,0
4619,0
4620,44
4621,0
4622,16
4623,0
4624,0
4625,0
4626,16
4627,66
4628,49
4629,31
4630,26
4631,40
4632,0
4633,35
4634,22
4635,9
4636,9
4637,1
4638,0
4639,3
4640,4
4641,37
4642,33
4643,11
4644,39
4645,0
4646,30
4647,9
4648,17
4649,27
4650,0
4651,19
4652,32
4653,63
4654,0
4655,1
4656,2
4657,44
4658,43
4659,0
4660,34
4661,40
4662,54
4663,7
4664,47
4665,5
4666,0
4667,0
4668,0
4669,32
4670,30
4671,14
4672,2
4673,43
4674,0
4675,44
4676,14
4677,37
4678,22
4679,43
4680,0
4681,1
4682,13
4683,19
4684,0
4685,63
4686,12
4687,11
4688,0
4689,11
4690,28
4691,5
4692,50
4693,0
4694,3
4695,30
4696,44
4697,36
4698,0
4699,0
4700,23
4701,26
4702,36
4703,0
4704,49
4705,29
4706,0
4707,43
4708,29
4709,0
4710,32
4711,27
4712,0
4713,36
4714,41
4715,6
4716,72
4717,0
4718,24
4719,0
4720,37
4721,7
4722,0
4723,0
4724,37
4725,3
4726,6
4727,58
4728,0
4729,28
4730,8
4731,67
4732,0
4733,57
4734,0
4735,37
4736,58
4737,60
4738,11
4739,32
4740,42
4741,45
4742,31
4743,64
4744,54
4745,57
4746,0
4747,52
4748,58
4749,0
4750,35
4751,0
4752,31
4753,31
4754,5
4755,24
4756,0
4757,0
4758,18
4759,16
4760,34
4761,3
4762,0
4763,22
4764,0
4765,0
4766,46
4767,5
4768,28
4769,3
4770,0
4771,13
4772,6
4773,7
4774,13
4775,0
4776,1
4777,0
4778,0
4779,0
4780,0
4781,29
4782,8
4783,86
4784,3
4785,40
4786,25
4787,28
4788,17
4789,50
4790,2
4791,23
4792,0
4793,55
4794,9
4795,10
4796,7
4797,68
4798,0
4799,0
4800,35
4801,31
4802,29
4803,36
4804,34
4805,4
4806,4
4807,0
4808,30
4809,26
4810,0
4811,34
4812,0
4813,28
4814,0
4815,10
4816,53
4817,0
4818,12
4819,59
4820,45
4821,19
4822,86
4823,7
4824,0
4825,0
4826,0
4827,16
4828,25
4829,37
4830,25
4831,0
4832,19
4833,12
4834,0
4835,48
4836,0
4837,2
4838,3
4839,24
4840,88
4841,29
4842,35
4843,0
4844,11
4845,0
4846,0
4847,62
4848,47
4849,16
4850,14
4851,0
4852,6
4853,10
4854,0
4855,0
4856,0
4857,0
4858,32
4859,12
4860,8
4861,4
4862,44
4863,0
4864,0
4865,20
4866,0
4867,70
4868,0
4869,14
4870,63
4871,8
4872,0
4873,51
4874,0
4875,24
4876,4
4877,2
4878,0
4879,38
4880,29
4881,5
4882,0
4883,27
4884,25
4885,15
4886,0
4887,4
4888,0
4889,1
4890,21
4891,3
4892,0
4893,8
4894,0
4895,10
4896,11
4897,17
4898,1
4899,1
4900,40
4901,49
4902,0
4903,33
4904,31
4905,28
4906,56
4907,34
4908,4
4909,6
4910,48
4911,33
4912,0
4913,0
4914,0
4915,2
4916,0
4917,0
4918,18
4919,21
4920,25
4921,64
4922,0
4923,11
4924,18
4925,36
4926,10
4927,29
4928,0
4929,27
4930,22
4931,53
4932,0
4933,2
4934,18
4935,0
4936,0
4937,31
4938,69
4939,35
4940,26
4941,51
4942,39
4943,40
4944,23
4945,0
4946,11
4947,15
4948,11
4949,9
4950,34
4951,56
4952,0
4953,43
4954,17
4955,47
4956,5
4957,46
4958,0
4959,0
4960,60
4961,30
4962,53
4963,7
4964,8
4965,27
4966,32
4967,50
4968,38
4969,13
4970,6
4971,0
4972,24
4973,35
4974,54
4975,0
4976,2
4977,31
4978,1
4979,0
4980,0
4981,14
4982,3
4983,19
4984,12
4985,20
4986,1
4987,6
4988,30
4989,10
4990,64
4991,39
4992,52
4993,0
4994,1
4995,27
4996,0
4997,3
4998,0
4999,31
5000,6
5001,48
5002,11
5003,0
5004,7
5005,40
5006,1
5007,0
5008,47
5009,24
5010,37
5011,2
5012,0
5013,0
5014,13
5015,49
5016,6
5017,45
5018,1
5019,18
5020,46
5021,22
5022,28
5023,14
5024,15
5025,17
5026,19
5027,19
5028,54
5029,4
5030,76
5031,0
5032,14
5033,6
5034,0
5035,8
5036,0
5037,34
5038,20
5039,17
5040,9
5041,0
5042,44
5043,1
5044,0
5045,34
5046,48
5047,0
5048,84
5049,7
5050,4
5051,39
5052,26
5053,1
5054,1
5055,11
5056,38
5057,2
5058,49
5059,34
5060,29
5061,3
5062,0
5063,0
5064,53
5065,28
5066,12
5067,68
5068,83
5069,36
5070,13
5071,18
5072,30
5073,0
5074,18
5075,0
5076,0
5077,34
5078,13
5079,49
5080,6
5081,27
5082,64
5083,0
5084,35
5085,0
5086,7
5087,0
5088,12
5089,19
5090,66
5091,12
5092,10
5093,20
5094,0
5095,0
5096,2
5097,20
5098,58
5099,45
5100,20
5101,0
5102,2
5103,47
5104,9
5105,40
5106,41
5107,0
5108,57
5109,34
5110,7
5111,33
5112,0
5113,26
5114,37
5115,24
5116,24
5117,17
5118,23
5119,0
5120,42
5121,44
5122,14
5123,78
5124,40
5125,29
5126,31
5127,33
5128,8
5129,0
5130,59
5131,2
5132,44
5133,0
5134,1
5135,6
5136,17
5137,5
5138,5
5139,42
5140,6
5141,0
5142,38
5143,0
5144,10
5145,60
5146,77
5147,13
5148,0
5149,2
5150,43
5151,68
5152,80
5153,2
5154,30
5155,41
5156,46
5157,0
5158,31
5159,5
5160,0
5161,6
5162,0
5163,22
5164,3
5165,23
5166,0
5167,18
5168,33
5169,58
5170,2
5171,33
5172,0
5173,0
5174,0
5175,0
5176,14
5177,20
5178,0
5179,0
5180,36
5181,53
5182,0
5183,28
5184,0
5185,34
5186,0
5187,12
5188,41
5189,35
5190,17
5191,3
5192,27
5193,0
5194,30
5195,6
5196,0
5197,38
5198,24
5199,42
5200,0
5201,44
5202,6
5203,5
5204,41
5205,51
5206,31
5207,0
5208,26
5209,24
5210,5
5211,69
5212,39
5213,1
5214,18
5215,0
5216,1
5217,0
5218,24
5219,46
5220,0
5221,41
5222,0
5223,16
5224,0
5225,20
5226,0
5227,0
5228,36
5229,17
5230,0
5231,0
5232,10
5233,33
5234,9
5235,38
5236,34
5237,23
5238,15
5239,28
5240,0
5241,50
5242,21
5243,0
5244,41
5245,49
5246,81
5247,0
5248,20
5249,19
5250,59
5251,0
5252,49
5253,35
5254,0
5255,41
5256,28
5257,5
5258,44
5259,33
5260,0
5261,29
5262,3
5263,33
5264,33
5265,54
5266,0
5267,15
5268,28
5269,38
5270,56
5271,43
5272,56
5273,30
5274,0
5275,0
5276,8
5277,6
5278,31
5279,7
5280,31
5281,22
5282,30
5283,40
5284,34
5285,0
5286,1
5287,0
5288,85
5289,3
5290,1
5291,37
5292,0
5293,0
5294,0
5295,49
5296,10
5297,38
5298,74
5299,14
5300,0
5301,46
5302,31
5303,39
5304,0
5305,9
5306,5
5307,50
5308,0
5309,34
5310,68
5311,34
5312,36
5313,2
5314,0
5315,3
5316,19
5317,6
5318,7
5319,6
5320,27
5321,15
5322,59
5323,0
5324,2
5325,50
5326,0
5327,42
5328,12
5329,12
5330,0
5331,21
5332,2
5333,0
5334,36
5335,30
5336,15
5337,6
5338,33
5339,11
5340,46
5341,0
5342,25
5343,0
5344,73
5345,41
5346,0
5347,21
5348,9
5349,53
5350,54
5351,31
5352,49
5353,26
5354,0
5355,40
5356,51
5357,49
5358,0
5359,32
5360,28
5361,24
5362,70
5363,2
5364,33
5365,62
5366,29
5367,0
5368,0
5369,31
5370,11
5371,44
5372,6
5373,24
5374,0
5375,48
5376,30
5377,19
5378,8
5379,11
5380,44
5381,15
5382,0
5383,2
5384,30
5385,12
5386,0
5387,29
5388,0
5389,0
5390,56
5391,9
5392,7
5393,0
5394,0
5395,64
5396,0
5397,5
5398,46
5399,25
5400,23
5401,0
5402,33
5403,35
5404,54
5405,0
5406,0
5407,48
5408,1
5409,53
5410,24
5411,0
5412,0
5413,20
5414,5
5415,0
5416,0
5417,2
5418,13
5419,28
5420,16
5421,0
5422,9
5423,16
5424,0
5425,0
5426,82
5427,6
5428,38
5429,0
5430,43
5431,18
5432,0
5433,35
5434,0
5435,1
5436,0
5437,59
5438,9
5439,19
5440,14
5441,0
5442,56
5443,65
5444,8
5445,0
5446,26
5447,9
5448,0
5449,32
5450,60
5451,29
5452,0
5453,0
5454,21
5455,0
5456,14
5457,29
5458,0
5459,27
5460,69
5461,33
5462,2
5463,46
5464,0
5465,8
5466,27
5467,19
5468,0
5469,35
5470,22
5471,0
5472,37
5473,0
5474,3
5475,28
5476,0
5477,0
5478,21
5479,22
5480,0
5481,34
5482,3
5483,11
5484,36
5485,17
5486,67
5487,46
5488,39
5489,80
5490,43
5491,45
5492,15
5493,58
5494,8
5495,0
5496,0
5497,62
5498,1
5499,8
5500,0
5501,25
5502,53
5503,37
5504,55
5505,9
5506,77
5507,5
5508,2
5509,0
5510,53
5511,0
5512,32
5513,0
5514,13
5515,0
5516,2
5517,45
5518,44
5519,3
5520,47
5521,24
5522,8
5523,0
5524,40
5525,0
5526,11
5527,0
5528,4
5529,0
5530,7
5531,0
5532,23
5533,17
5534,42
5535,0
5536,0
5537,1
5538,0
5539,28
5540,0
5541,67
5542,13
5543,53
5544,10
5545,7
5546,25
5547,34
5548,0
5549,8
5550,33
5551,0
5552,12
5553,0
5554,0
5555,4
5556,49
5557,0
5558,23
5559,54
5560,0
5561,39
5562,0
5563,5
5564,18
5565,53
5566,45
5567,42
5568,18
5569,12
5570,55
5571,1
5572,0
5573,0
5574,4
5575,59
5576,38
5577,20
5578,0
5579,16
5580,53
5581,48
5582,0
5583,0
5584,7
5585,0
5586,8
5587,55
5588,20
5589,4
5590,0
5591,23
5592,62
5593,5
5594,46
5595,16
5596,4
5597,0
5598,1
5599,75
5600,35
5601,47
5602,35
5603,0
5604,0
5605,0
5606,59
5607,14
5608,38
5609,0
5610,8
5611,0
5612,1
5613,12
5614,35
5615,67
5616,18
5617,39
5618,1
5619,58
5620,56
5621,0
5622,21
5623,0
5624,17
5625,42
5626,0
5627,17
5628,33
5629,65
5630,31
5631,0
5632,59
5633,43
5634,26
5635,2
5636,18
5637,42
5638,0
5639,12
5640,0
5641,0
5642,4
5643,8
5644,57
5645,30
5646,20
5647,6
5648,20
5649,35
5650,13
5651,3
5652,0
5653,41
5654,2
5655,20
5656,37
5657,39
5658,21
5659,0
5660,0
5661,0
5662,23
5663,22
5664,47
5665,2
5666,0
5667,0
5668,30
5669,50
5670,62
5671,0
5672,0
5673,2
5674,45
5675,32
5676,45
5677,32
5678,46
5679,3
5680,30
5681,64
5682,14
5683,40
5684,0
5685,56
5686,0
5687,28
5688,0
5689,1
5690,0
5691,28
5692,0
5693,0
5694,0
5695,0
5696,7
5697,22
5698,37
5699,0
5700,44
5701,31
5702,58
5703,11
5704,0
5705,0
5706,33
5707,27
5708,0
5709,22
5710,0
5711,0
5712,24
5713,14
5714,47
5715,30
5716,12
5717,35
5718,15
5719,13
5720,29
5721,66
5722,34
5723,4
5724,66
5725,0
5726,6
5727,48
5728,58
5729,14
5730,20
5731,36
5732,28
5733,39
5734,65
5735,3
5736,18
5737,0
5738,45
5739,11
5740,1
5741,22
5742,42
5743,27
5744,0
5745,48
5746,56
5747,28
5748,27
5749,2
5750,12
5751,25
5752,53
5753,57
5754,7
5755,49
5756,47
5757,47
5758,57
5759,5
5760,12
5761,47
5762,20
5763,3
5764,0
5765,63
5766,0
5767,1
5768,0
5769,58
5770,54
5771,1
5772,75
5773,31
5774,2
5775,37
5776,19
5777,33
5778,1
5779,9
5780,20
5781,3
5782,6
5783,0
5784,19
5785,38
5786,27
5787,0
5788,62
5789,6
5790,60
5791,0
5792,0
5793,2
5794,45
5795,46
5796,43
5797,38
5798,43
5799,42
5800,13
5801,15
5802,51
5803,78
5804,48
5805,16
5806,18
5807,47
5808,49
5809,0
5810,0
5811,0
5812,35
5813,9
5814,0
5815,11
5816,37
5817,20
5818,15
5819,34
5820,2
5821,2
5822,16
5823,23
5824,62
5825,0
5826,36
5827,0
5828,19
5829,45
5830,0
5831,26
5832,36
5833,15
5834,3
5835,44
5836,67
5837,1
5838,36
5839,37
5840,44
5841,4
5842,68
5843,36
5844,9
5845,43
5846,1
5847,7
5848,10
5849,68
5850,33
5851,0
5852,24
5853,36
5854,44
5855,22
5856,41
5857,0
5858,3
5859,13
5860,15
5861,0
5862,41
5863,0
5864,24
5865,30
5866,33
5867,0
5868,2
5869,0
5870,13
5871,0
5872,35
5873,1
5874,42
5875,38
5876,0
5877,12
5878,24
5879,36
5880,0
5881,13
5882,3
5883,0
5884,0
5885,3
5886,0
5887,0
5888,38
5889,19
5890,71
5891,28
5892,0
5893,0
5894,38
5895,28
5896,0
5897,27
5898,36
5899,28
5900,28
5901,65
5902,44
5903,0
5904,0
5905,0
5906,34
5907,0
5908,15
5909,2
5910,1
5911,0
5912,47
5913,6
5914,64
5915,34
5916,27
5917,46
5918,0
5919,0
5920,2
5921,19
5922,37
5923,30
5924,0
5925,32
5926,42
5927,50
5928,3
5929,0
5930,14
5931,38
5932,31
5933,19
5934,11
5935,36
5936,14
5937,0
5938,64
5939,36
5940,0
5941,42
5942,44
5943,22
5944,32
5945,0
5946,40
5947,5
5948,0
5949,0
5950,48
5951,0
5952,17
5953,24
5954,33
5955,39
5956,0
5957,6
5958,31
5959,20
5960,48
5961,54
5962,0
5963,0
5964,16
5965,22
5966,0
5967,0
5968,0
5969,0
5970,1
5971,1
5972,27
5973,7
5974,3
5975,17
5976,53
5977,10
5978,6
5979,22
5980,17
5981,0
5982,29
5983,27
5984,13
5985,0
5986,24
5987,0
5988,2
5989,14
5990,34
5991,23
5992,0
5993,2
5994,36
5995,68
5996,0
5997,19
5998,54
5999,43
6000,13
6001,32
6002,32
6003,39
6004,16
6005,18
6006,15
6007,0
6008,14
6009,32
6010,3
6011,37
6012,37
6013,34
6014,16
6015,48
6016,44
6017,50
6018,54
6019,4
6020,5
6021,0
6022,52
6023,36
6024,3
6025,21
6026,41
6027,18
6028,21
6029,5
6030,14
6031,44
6032,60
6033,0
6034,37
6035,9
6036,0
6037,5
6038,0
6039,0
6040,48
6041,0
6042,1
6043,48
6044,41
6045,13
6046,21
6047,29
6048,34
6049,0
6050,0
6051,0
6052,0
6053,5
6054,7
6055,27
6056,0
6057,4
6058,8
6059,15
6060,13
6061,10
6062,0
6063,29
6064,0
6065,2
6066,0
6067,28
6068,65
6069,42
6070,1
6071,0
6072,4
6073,15
6074,9
6075,4
6076,74
6077,60
6078,8
6079,0
6080,0
6081,15
6082,54
6083,38
6084,4
6085,22
6086,22
6087,10
6088,0
6089,38
6090,50
6091,42
6092,22
6093,0
6094,0
6095,54
6096,0
6097,25
6098,46
6099,19
6100,0
6101,25
6102,0
6103,0
6104,41
6105,0
6106,0
6107,28
6108,47
6109,0
6110,36
6111,13
6112,8
6113,31
6114,0
6115,35
6116,20
6117,0
6118,4
6119,12
6120,21
6121,9
6122,10
6123,41
6124,42
6125,5
6126,31
6127,26
6128,0
6129,8
6130,41
6131,0
6132,0
6133,3
6134,26
6135,6
6136,11
6137,0
6138,32
6139,13
6140,28
6141,40
6142,21
6143,1
6144,33
6145,44
6146,16
6147,79
6148,25
6149,37
6150,0
6151,3
6152,11
6153,17
6154,20
6155,56
6156,0
6157,67
6158,4
6159,10
6160,52
6161,7
6162,16
6163,0
6164,16
6165,0
6166,66
6167,44
6168,66
6169,39
6170,46
6171,2
6172,14
6173,12
6174,51
6175,35
6176,4
6177,75
6178,56
6179,7
6180,50
6181,0
6182,0
6183,60
6184,0
6185,0
6186,22
6187,0
6188,0
6189,17
6190,77
6191,0
6192,6
6193,0
6194,27
6195,0
6196,43
6197,27
6198,7
6199,42
6200,23
6201,65
6202,59
6203,37
6204,0
6205,1
6206,41
6207,26
6208,34
6209,25
6210,12
6211,0
6212,31
6213,23
6214,20
6215,5
6216,0
6217,1
6218,3
6219,32
6220,45
6221,5
6222,0
6223,43
6224,0
6225,6
6226,3
6227,0
6228,32
6229,0
6230,5
6231,18
6232,0
6233,42
6234,29
6235,0
6236,36
6237,39
6238,33
6239,0
6240,18
6241,4
6242,32
6243,0
6244,12
6245,52
6246,28
6247,38
6248,40
6249,0
6250,0
6251,38
6252,74
6253,52
6254,35
6255,0
6256,33
6257,8
6258,39
6259,23
6260,49
6261,0
6262,0
6263,73
6264,6
6265,5
6266,3
6267,9
6268,20
6269,49
6270,44
6271,61
6272,46
6273,36
6274,2
6275,0
6276,24
6277,27
6278,20
6279,45
6280,64
6281,19
6282,0
6283,28
6284,29
6285,0
6286,88
6287,37
6288,32
6289,45
6290,14
6291,13
6292,18
6293,26
6294,1
6295,0
6296,6
6297,64
6298,0
6299,0
6300,39
6301,18
6302,45
6303,40
6304,31
6305,20
6306,7
6307,21
6308,30
6309,0
6310,34
6311,40
6312,37
6313,44
6314,0
6315,35
6316,40
6317,0
6318,0
6319,10
6320,0
6321,6
6322,16
6323,27
6324,7
6325,19
6326,37
6327,11
6328,1
6329,29
6330,30
6331,20
6332,0
6333,0
6334,0
6335,0
6336,75
6337,25
6338,53
6339,0
6340,24
6341,63
6342,76
6343,8
6344,2
6345,9
6346,29
6347,19
6348,29
6349,28
6350,1
6351,48
6352,12
6353,0
6354,28
6355,0
6356,49
6357,32
6358,0
6359,51
6360,12
6361,15
6362,26
6363,30
6364,30
6365,19
6366,35
6367,0
6368,0
6369,4
6370,56
6371,37
6372,25
6373,22
6374,0
6375,32
6376,6
6377,21
6378,7
6379,44
6380,0
6381,59
6382,70
6383,22
6384,0
6385,0
6386,6
6387,0
6388,0
6389,0
6390,0
6391,37
6392,0
6393,31
6394,14
6395,33
6396,2
6397,0
6398,21
6399,9
6400,0
6401,0
6402,36
6403,2
6404,40
6405,0
6406,6
6407,15
6408,51
6409,69
6410,21
6411,54
6412,0
6413,2
6414,40
6415,46
6416,0
6417,17
6418,18
6419,0
6420,48
6421,21
6422,5
6423,30
6424,15
6425,42
6426,43
6427,21
6428,57
6429,20
6430,35
6431,4
6432,68
6433,58
6434,41
6435,0
6436,76
6437,29
6438,16
6439,35
6440,0
6441,27
6442,11
6443,2
6444,0
6445,20
6446,40
6447,0
6448,0
6449,29
6450,11
6451,53
6452,0
6453,0
6454,0
6455,0
6456,43
6457,8
6458,68
6459,49
6460,38
6461,13
6462,46
6463,23
6464,16
6465,33
6466,76
6467,29
6468,0
6469,0
6470,25
6471,40
6472,0
6473,0
6474,76
6475,15
6476,76
6477,15
6478,39
6479,21
6480,41
6481,25
6482,28
6483,0
6484,41
6485,0
6486,0
6487,20
6488,25
6489,69
6490,0
6491,29
6492,55
6493,29
6494,16
6495,18
6496,8
6497,0
6498,29
6499,0
6500,52
6501,54
6502,0
6503,11
6504,0
6505,21
6506,46
6507,0
6508,50
6509,32
6510,0
6511,7
6512,80
6513,38
6514,22
6515,3
6516,28
6517,9
6518,13
6519,37
6520,30
6521,0
6522,71
6523,0
6524,2
6525,0
6526,47
6527,1
6528,19
6529,0
6530,3
6531,0
6532,53
6533,41
6534,39
6535,20
6536,0
6537,2
6538,48
6539,7
6540,34
6541,47
6542,0
6543,7
6544,39
6545,78
6546,5
6547,11
6548,57
6549,14
6550,32
6551,5
6552,0
6553,65
6554,0
6555,0
6556,0
6557,0
6558,31
6559,24
6560,14
6561,0
6562,0
6563,31
6564,29
6565,0
6566,0
6567,0
6568,0
6569,35
6570,13
6571,14
6572,42
6573,2
6574,57
6575,4
6576,37
6577,12
6578,29
6579,40
6580,13
6581,31
6582,32
6583,80
6584,25
6585,8
6586,11
6587,0
6588,7
6589,0
6590,0
6591,27
6592,20
6593,31
6594,21
6595,52
6596,0
6597,40
6598,22
6599,37
6600,0
6601,11
6602,24
6603,40
6604,0
6605,47
6606,25
6607,0
6608,5
6609,12
6610,33
6611,2
6612,39
6613,29
6614,4
6615,1
6616,0
6617,54
6618,0
6619,2
6620,0
6621,39
6622,14
6623,0
6624,24
6625,0
6626,0
6627,72
6628,74
6629,69
6630,30
6631,51
6632,0
6633,0
6634,34
6635,22
6636,49
6637,5
6638,0
6639,0
6640,41
6641,0
6642,18
6643,37
6644,0
6645,4
6646,1
6647,10
6648,1
6649,23
6650,1
6651,36
6652,30
6653,26
6654,0
6655,0
6656,0
6657,0
6658,0
6659,30
6660,24
6661,50
6662,0
6663,2
6664,33
6665,43
6666,28
6667,0
6668,31
6669,30
6670,0
6671,37
6672,0
6673,0
6674,30
6675,0
6676,56
6677,25
6678,27
6679,16
6680,39
6681,46
6682,34
6683,0
6684,26
6685,45
6686,0
6687,48
6688,61
6689,8
6690,56
6691,2
6692,59
6693,2
6694,4
6695,0
6696,39
6697,1
6698,32
6699,85
6700,38
6701,21
6702,18
6703,0
6704,0
6705,2
6706,27
6707,34
6708,42
6709,7
6710,35
6711,25
6712,31
6713,0
6714,0
6715,32
6716,10
6717,0
6718,66
6719,59
6720,0
6721,18
6722,0
6723,1
6724,0
6725,0
6726,22
6727,28
6728,20
6729,45
6730,0
6731,1
6732,22
6733,66
6734,43
6735,35
6736,40
6737,77
6738,3
6739,5
6740,42
6741,37
6742,0
6743,24
6744,36
6745,0
6746,55
6747,14
6748,55
6749,11
6750,0
6751,0
6752,12
6753,28
6754,0
6755,0
6756,52
6757,0
6758,45
6759,15
6760,38
6761,9
6762,27
6763,10
6764,40
6765,0
6766,29
6767,44
6768,24
6769,0
6770,21
6771,1
6772,38
6773,16
6774,0
6775,71
6776,31
6777,0
6778,72
6779,42
6780,6
6781,33
6782,7
6783,0
6784,9
6785,5
6786,1
6787,32
6788,11
6789,0
6790,11
6791,4
6792,7
6793,3
6794,9
6795,10
6796,28
6797,0
6798,12
6799,48
6800,49
6801,30
6802,15
6803,33
6804,56
6805,62
6806,41
6807,9
6808,0
6809,49
6810,20
6811,56
6812,16
6813,0
6814,32
6815,21
6816,32
6817,3
6818,76
6819,0
6820,2
6821,11
6822,12
6823,30
6824,13
6825,43
6826,62
6827,18
6828,23
6829,21
6830,0
6831,0
6832,22
6833,0
6834,51
6835,55
6836,22
6837,40
6838,46
6839,31
6840,7
6841,51
6842,0
6843,0
6844,35
6845,83
6846,17
6847,0
6848,0
6849,2
6850,34
6851,38
6852,8
6853,14
6854,30
6855,10
6856,9
6857,23
6858,28
6859,41
6860,33
6861,28
6862,20
6863,2
6864,8
6865,0
6866,53
6867,11
6868,1
6869,22
6870,4
6871,0
6872,10
6873,6
6874,20
6875,16
6876,0
6877,19
6878,37
6879,42
6880,42
6881,3
6882,0
6883,12
6884,17
6885,32
6886,29
6887,13
6888,23
6889,0
6890,0
6891,45
6892,65
6893,26
6894,9
6895,55
6896,3
6897,2
6898,6
6899,55
6900,2
6901,19
6902,14
6903,1
6904,20
6905,31
6906,43
6907,55
6908,7
6909,40
6910,3
6911,12
6912,1
6913,29
6914,24
6915,48
6916,1
6917,0
6918,26
6919,21
6920,0
6921,0
6922,59
6923,0
6924,5
6925,10
6926,0
6927,41
6928,66
6929,13
6930,22
6931,10
6932,6
6933,0
6934,30
6935,0
6936,34
6937,9
6938,28
6939,0
6940,0
6941,0
6942,13
6943,45
6944,77
6945,0
6946,0
6947,25
6948,42
6949,41
6950,56
6951,26
6952,31
6953,0
6954,0
6955,13
6956,1
6957,0
6958,28
6959,2
6960,23
6961,2
6962,2
6963,25
6964,0
6965,0
6966,32
6967,39
6968,4
6969,18
6970,0
6971,41
6972,43
6973,35
6974,52
6975,4
6976,57
6977,1
6978,17
6979,36
6980,5
6981,0
6982,34
6983,30
6984,0
6985,43
6986,47
6987,8
6988,21
6989,0
6990,0
6991,28
6992,0
6993,50
6994,0
6995,0
6996,39
6997,10
6998,30
6999,0
7000,56
7001,16
7002,24
7003,32
7004,11
7005,29
7006,39
7007,14
7008,38
7009,0
7010,35
7011,2
7012,3
7013,3
7014,40
7015,39
7016,46
7017,41
7018,31
7019,3
7020,74
7021,0
7022,21
7023,0
7024,35
7025,11
7026,0
7027,0
7028,9
7029,18
7030,38
7031,51
7032,0
7033,54
7034,1
7035,23
7036,16
7037,60
7038,5
7039,42
7040,0
7041,36
7042,0
7043,47
7044,52
7045,0
7046,28
7047,6
7048,0
7049,0
7050,0
7051,6
7052,44
7053,0
7054,74
7055,28
7056,0
7057,23
7058,24
7059,26
7060,49
7061,0
7062,63
7063,8
7064,36
7065,18
7066,13
7067,14
7068,32
7069,4
7070,0
7071,17
7072,27
7073,4
7074,0
7075,0
7076,0
7077,0
7078,70
7079,41
7080,1
7081,26
7082,8
7083,17
7084,42
7085,9
7086,0
7087,45
7088,5
7089,0
7090,19
7091,0
7092,31
7093,14
7094,0
7095,23
7096,19
7097,11
7098,3
7099,0
7100,5
7101,3
7102,0
7103,4
7104,22
7105,0
7106,3
7107,45
7108,9
7109,16
7110,6
7111,30
7112,53
7113,8
7114,0
7115,43
7116,44
7117,36
7118,45
7119,6
7120,41
7121,0
7122,66
7123,49
7124,58
7125,41
7126,44
7127,22
7128,0
7129,24
7130,18
7131,6
7132,0
7133,32
7134,21
7135,43
7136,46
7137,4
7138,0
7139,0
7140,46
7141,30
7142,0
7143,24
7144,0
7145,3
7146,23
7147,25
7148,43
7149,0
7150,2
7151,4
7152,0
7153,26
7154,61
7155,0
7156,5
7157,10
7158,0
7159,21
7160,48
7161,0
7162,33
7163,25
7164,7
7165,21
7166,19
7167,71
7168,6
7169,24
7170,1
7171,0
7172,0
7173,0
7174,0
7175,38
7176,24
7177,0
7178,0
7179,18
7180,6
7181,24
7182,49
7183,17
7184,0
7185,0
7186,2
7187,47
7188,14
7189,8
7190,0
7191,19
7192,31
7193,27
7194,0
7195,53
7196,0
7197,0
7198,22
7199,8
7200,43
7201,41
7202,4
7203,10
7204,28
7205,16
7206,63
7207,29
7208,5
7209,17
7210,15
7211,8
7212,13
7213,5
7214,1
7215,16
7216,6
7217,0
7218,25
7219,51
7220,0
7221,0
7222,59
7223,23
7224,15
7225,0
7226,52
7227,5
7228,0
7229,28
7230,38
7231,55
7232,2
7233,9
7234,35
7235,18
7236,1
7237,0
7238,0
7239,51
7240,24
7241,3
7242,0
7243,0
7244,3
7245,0
7246,43
7247,35
7248,3
7249,25
7250,6
7251,29
7252,21
7253,0
7254,44
7255,41
7256,52
7257,47
7258,44
7259,64
7260,0
7261,47
7262,0
7263,3
7264,2
7265,22
7266,30
7267,20
7268,38
7269,31
7270,17
7271,19
7272,0
7273,54
7274,0
7275,0
7276,19
7277,0
7278,5
7279,64
7280,4
7281,16
7282,0
7283,4
7284,56
7285,84
7286,2
7287,17
7288,45
7289,1
7290,0
7291,25
7292,0
7293,0
7294,0
7295,3
7296,54
7297,31
7298,26
7299,35
7300,10
7301,0
7302,29
7303,44
7304,49
7305,25
7306,0
7307,0
7308,43
7309,16
7310,6
7311,35
7312,0
7313,0
7314,0
7315,4
7316,20
7317,16
7318,15
7319,18
7320,34
7321,44
7322,4
7323,36
7324,9
7325,2
7326,27
7327,35
7328,62
7329,52
7330,0
7331,8
7332,0
7333,24
7334,0
7335,36
7336,0
7337,65
7338,0
7339,0
7340,53
7341,0
7342,54
7343,0
7344,0
7345,4
7346,15
7347,0
7348,0
7349,54
7350,55
7351,0
7352,39
7353,32
7354,2
7355,11
7356,0
7357,15
7358,72
7359,43
7360,0
7361,39
7362,0
7363,32
7364,57
7365,4
7366,43
7367,3
7368,0
7369,16
7370,0
7371,56
7372,35
7373,20
7374,0
7375,38
7376,49
7377,37
7378,10
7379,52
7380,36
7381,29
7382,0
7383,0
7384,25
7385,16
7386,10
7387,36
7388,25
7389,0
7390,2
7391,0
7392,8
7393,0
7394,43
7395,50
7396,49
7397,13
7398,42
7399,0
7400,2
7401,0
7402,48
7403,17
7404,12
7405,56
7406,30
7407,9
7408,0
7409,0
7410,15
7411,0
7412,25
7413,5
7414,4
7415,0
7416,0
7417,80
7418,1
7419,33
7420,36
7421,0
7422,25
7423,14
7424,57
7425,52
7426,9
7427,0
7428,50
7429,0
7430,32
7431,9
7432,42
7433,0
7434,0
7435,45
7436,32
7437,12
7438,16
7439,21
7440,0
7441,24
7442,21
7443,36
7444,21
7445,24
7446,39
7447,21
7448,0
7449,0
7450,0
7451,33
7452,34
7453,51
7454,16
7455,0
7456,2
7457,12
7458,65
7459,77
7460,15
7461,55
7462,7
7463,0
7464,65
7465,49
7466,6
7467,15
7468,1
7469,0
7470,58
7471,19
7472,23
7473,1
7474,0
7475,12
7476,0
7477,36
7478,22
7479,0
7480,8
7481,73
7482,0
7483,5
7484,36
7485,37
7486,0
7487,22
7488,22
7489,0
7490,5
7491,4
7492,45
7493,24
7494,18
7495,0
7496,11
7497,46
7498,26
7499,49
7500,61
7501,40
7502,0
7503,22
7504,53
7505,6
7506,31
7507,40
7508,13
7509,42
7510,24
7511,22
7512,9
7513,12
7514,0
7515,17
7516,8
7517,1
7518,21
7519,0
7520,33
7521,35
7522,61
7523,22
7524,20
7525,2
7526,3
7527,0
7528,18
7529,30
7530,18
7531,14
7532,0
7533,10
7534,4
7535,36
7536,30
7537,7
7538,0
7539,0
7540,20
7541,0
7542,2
7543,31
7544,12
7545,3
7546,34
7547,6
7548,0
7549,1
7550,10
7551,0
7552,8
7553,40
7554,0
7555,5
7556,0
7557,13
7558,59
7559,45
7560,0
7561,4
7562,35
7563,0
7564,17
7565,15
7566,19
7567,0
7568,3
7569,0
7570,43
7571,38
7572,0
7573,0
7574,23
7575,2
7576,44
7577,0
7578,52
7579,43
7580,56
7581,49
7582,5
7583,11
7584,0
7585,0
7586,2
7587,45
7588,26
7589,0
7590,27
7591,66
7592,27
7593,26
7594,59
7595,29
7596,0
7597,49
7598,35
7599,3
7600,55
7601,23
7602,21
7603,25
7604,24
7605,20
7606,32
7607,5
7608,17
7609,14
7610,0
7611,42
7612,47
7613,0
7614,13
7615,57
7616,42
7617,0
7618,3
7619,3
7620,0
7621,44
7622,2
7623,4
7624,23
7625,35
7626,0
7627,27
7628,42
7629,0
7630,15
7631,30
7632,5
7633,13
7634,0
7635,0
7636,24
7637,0
7638,33
7639,40
7640,9
7641,31
7642,18
7643,8
7644,14
7645,0
7646,27
7647,3
7648,37
7649,0
7650,0
7651,53
7652,0
7653,77
7654,32
7655,30
7656,12
7657,42
7658,0
7659,34
7660,36
7661,0
7662,36
7663,5
7664,0
7665,53
7666,33
7667,0
7668,3
7669,0
7670,3
7671,0
7672,65
7673,0
7674,51
7675,0
7676,22
7677,47
7678,35
7679,50
7680,32
7681,74
7682,0
7683,62
7684,31
7685,45
7686,65
7687,80
7688,48
7689,40
7690,42
7691,33
7692,2
7693,7
7694,57
7695,0
7696,18
7697,3
7698,0
7699,45
7700,40
7701,26
7702,35
7703,35
7704,40
7705,4
7706,2
7707,6
7708,25
7709,49
7710,0
7711,52
7712,28
7713,0
7714,0
7715,0
7716,18
7717,0
7718,33
7719,2
7720,0
7721,57
7722,36
7723,31
7724,0
7725,41
7726,19
7727,11
7728,19
7729,4
7730,41
7731,1
7732,23
7733,0
7734,56
7735,41
7736,0
7737,37
7738,3
7739,13
7740,8
7741,5
7742,22
7743,20
7744,3
7745,0
7746,36
7747,28
7748,12
7749,0
7750,0
7751,32
7752,38
7753,0
7754,12
7755,41
7756,3
7757,0
7758,40
7759,1
7760,37
7761,0
7762,55
7763,27
7764,0
7765,36
7766,18
7767,5
7768,1
7769,33
7770,0
7771,8
7772,0
7773,0
7774,47
7775,33
7776,11
7777,0
7778,11
7779,10
7780,0
7781,23
7782,59
7783,20
7784,27
7785,14
7786,33
7787,44
7788,8
7789,39
7790,51
7791,50
7792,8
7793,0
7794,38
7795,0
7796,26
7797,25
7798,79
7799,22
7800,0
7801,0
7802,47
7803,2
7804,46
7805,23
7806,64
7807,0
7808,54
7809,30
7810,0
7811,23
7812,35
7813,0
7814,53
7815,14
7816,2
7817,5
7818,10
7819,37
7820,25
7821,0
7822,25
7823,25
7824,8
7825,68
7826,62
7827,5
7828,23
7829,16
7830,15
7831,35
7832,45
7833,24
7834,0
7835,55
7836,12
7837,0
7838,16
7839,0
7840,1
7841,50
7842,11
7843,25
7844,5
7845,2
7846,17
7847,30
7848,0
7849,57
7850,0
7851,7
7852,1
7853,30
7854,41
7855,33
7856,5
7857,45
7858,9
7859,3
7860,0
7861,46
7862,52
7863,70
7864,65
7865,27
7866,0
7867,33
7868,39
7869,45
7870,29
7871,17
7872,19
7873,11
7874,0
7875,62
7876,50
7877,40
7878,46
7879,62
7880,77
7881,1
7882,0
7883,7
7884,0
7885,63
7886,0
7887,31
7888,0
7889,10
7890,0
7891,13
7892,0
7893,18
7894,3
7895,37
7896,57
7897,0
7898,16
7899,44
7900,28
7901,7
7902,39
7903,0
7904,16
7905,29
7906,28
7907,21
7908,56
7909,52
7910,14
7911,14
7912,0
7913,37
7914,55
7915,44
7916,31
7917,0
7918,56
7919,22
7920,54
7921,7
7922,3
7923,13
7924,30
7925,43
7926,24
7927,27
7928,13
7929,15
7930,35
7931,0
7932,80
7933,18
7934,18
7935,32
7936,0
7937,31
7938,0
7939,21
7940,0
7941,0
7942,48
7943,8
7944,39
7945,46
7946,44
7947,47
7948,18
7949,0
7950,0
7951,16
7952,24
7953,1
7954,3
7955,18
7956,3
7957,47
7958,43
7959,21
7960,35
7961,3
7962,0
7963,51
7964,48
7965,48
7966,4
7967,15
7968,10
7969,0
7970,1
7971,63
7972,1
7973,62
7974,0
7975,68
7976,34
7977,60
7978,43
7979,13
7980,19
7981,50
7982,76
7983,6
7984,0
7985,37
7986,0
7987,63
7988,5
7989,0
7990,29
7991,55
7992,35
7993,0
7994,40
7995,36
7996,25
7997,41
7998,38
7999,12
8000,23
8001,32
8002,24
8003,26
8004,55
8005,24
8006,52
8007,0
8008,0
8009,0
8010,44
8011,47
8012,5
8013,24
8014,25
8015,10
8016,27
8017,30
8018,0
8019,29
8020,37
8021,48
8022,0
8023,50
8024,29
8025,12
8026,10
8027,1
8028,10
8029,3
8030,54
8031,40
8032,41
8033,0
8034,36
8035,32
8036,15
8037,57
8038,0
8039,33
8040,0
8041,31
8042,30
8043,37
8044,50
8045,0
8046,0
8047,0
8048,20
8049,2
8050,66
8051,5
8052,20
8053,47
8054,46
8055,28
8056,0
8057,8
8058,56
8059,51
8060,0
8061,0
8062,0
8063,0
8064,18
8065,0
8066,62
8067,58
8068,0
8069,50
8070,24
8071,9
8072,23
8073,12
8074,5
8075,0
8076,2
8077,65
8078,82
8079,5
8080,0
8081,0
8082,16
8083,37
8084,37
8085,29
8086,19
8087,51
8088,20
8089,0
8090,9
8091,10
8092,5
8093,6
8094,4
8095,0
8096,4
8097,0
8098,4
8099,20
8100,0
8101,40
8102,29
8103,0
8104,50
8105,1
8106,58
8107,0
8108,2
8109,4
8110,0
8111,43
8112,8
8113,14
8114,14
8115,30
8116,27
8117,50
8118,9
8119,0
8120,47
8121,23
8122,73
8123,26
8124,14
8125,0
8126,0
8127,1
8128,52
8129,37
8130,36
8131,9
8132,0
8133,19
8134,38
8135,0
8136,3
8137,9
8138,31
8139,0
8140,10
8141,3
8142,0
8143,50
8144,16
8145,47
8146,14
8147,24
8148,0
8149,32
8150,44
8151,43
8152,30
8153,41
8154,41
8155,78
8156,63
8157,73
8158,59
8159,17
8160,5
8161,36
8162,1
8163,0
8164,29
8165,58
8166,25
8167,12
8168,0
8169,60
8170,24
8171,0
8172,0
8173,3
8174,52
8175,1
8176,16
8177,9
8178,0
8179,2
8180,13
8181,14
8182,33
8183,61
8184,0
8185,0
8186,19
8187,9
8188,0
8189,3
8190,45
8191,27
8192,0
8193,15
8194,14
8195,4
8196,1
8197,17
8198,0
8199,40
8200,69
8201,0
8202,50
8203,54
8204,8
8205,19
8206,46
8207,75
8208,22
8209,25
8210,3
8211,11
8212,3
8213,22
8214,13
8215,0
8216,24
8217,0
8218,0
8219,41
8220,49
8221,0
8222,16
8223,42
8224,36
8225,12
8226,65
8227,75
8228,47
8229,0
8230,26
8231,23
8232,0
8233,28
8234,3
8235,20
8236,27
8237,61
8238,0
8239,0
8240,13
8241,14
8242,22
8243,0
8244,49
8245,0
8246,0
8247,12
8248,25
8249,40
8250,0
8251,27
8252,0
8253,17
8254,6
8255,19
8256,0
8257,0
8258,0
8259,45
8260,6
8261,0
8262,7
8263,36
8264,63
8265,36
8266,58
8267,28
8268,8
8269,47
8270,47
8271,28
8272,25
8273,69
8274,0
8275,25
8276,0
8277,0
8278,19
8279,0
8280,2
8281,9
8282,32
8283,49
8284,28
8285,51
8286,38
8287,19
8288,48
8289,0
8290,8
8291,14
8292,44
8293,65
8294,0
8295,0
8296,0
8297,0
8298,27
8299,0
8300,52
8301,26
8302,7
8303,14
8304,9
8305,0
8306,66
8307,35
8308,40
8309,31
8310,49
8311,11
8312,11
8313,26
8314,30
8315,0
8316,49
8317,54
8318,71
8319,0
8320,18
8321,21
8322,0
8323,35
8324,63
8325,34
8326,42
8327,0
8328,0
8329,13
8330,2
8331,30
8332,0
8333,11
8334,64
8335,32
8336,12
8337,36
8338,28
8339,10
8340,25
8341,27
8342,0
8343,46
8344,19
8345,37
8346,50
8347,51
8348,0
8349,25
8350,0
8351,43
8352,16
8353,55
8354,14
8355,23
8356,8
8357,42
8358,31
8359,54
8360,69
8361,13
8362,4
8363,7
8364,0
8365,16
8366,0
8367,1
8368,16
8369,79
8370,11
8371,21
8372,31
8373,19
8374,51
8375,0
8376,0
8377,61
8378,2
8379,18
8380,54
8381,0
8382,24
8383,18
8384,55
8385,37
8386,39
8387,33
8388,41
8389,46
8390,0
8391,40
8392,8
8393,19
8394,7
8395,0
8396,32
8397,1
8398,38
8399,0
8400,57
8401,36
8402,1
8403,53
8404,35
8405,0
8406,4
8407,0
8408,3
8409,36
8410,14
8411,0
8412,0
8413,29
8414,23
8415,8
8416,0
8417,12
8418,53
8419,0
8420,55
8421,11
8422,6
8423,34
8424,29
8425,0
8426,0
8427,23
8428,24
8429,0
8430,0
8431,0
8432,24
8433,31
8434,46
8435,0
8436,32
8437,4
8438,24
8439,32
8440,58
8441,0
8442,20
8443,0
8444,0
8445,0
8446,0
8447,11
8448,11
8449,12
8450,43
8451,26
8452,63
8453,32
8454,0
8455,59
8456,23
8457,7
8458,5
8459,45
8460,3
8461,46
8462,13
8463,0
8464,0
8465,33
8466,44
8467,50
8468,44
8469,14
8470,0
8471,0
8472,20
8473,54
8474,12
8475,0
8476,3
8477,62
8478,3
8479,6
8480,36
8481,14
8482,31
8483,76
8484,14
8485,6
8486,55
8487,16
8488,0
8489,15
8490,13
8491,20
8492,42
8493,42
8494,33
8495,26
8496,49
8497,48
8498,18
8499,21
8500,47
8501,0
8502,21
8503,0
8504,0
8505,0
8506,0
8507,16
8508,11
8509,0
8510,30
8511,46
8512,14
8513,16
8514,27
8515,28
8516,74
8517,66
8518,0
8519,4
8520,40
8521,31
8522,15
8523,56
8524,61
8525,1
8526,37
8527,21
8528,42
8529,45
8530,15
8531,0
8532,38
8533,31
8534,40
8535,36
8536,4
8537,16
8538,57
8539,0
8540,29
8541,9
8542,13
8543,17
8544,29
8545,0
8546,43
8547,53
8548,33
8549,39
8550,5
8551,0
8552,49
8553,36
8554,0
8555,43
8556,27
8557,30
8558,1
8559,0
8560,64
8561,39
8562,2
8563,8
8564,41
8565,52
8566,69
8567,66
8568,25
8569,0
8570,0
8571,28
8572,33
8573,3
8574,36
8575,32
8576,69
8577,0
8578,0
8579,35
8580,52
8581,23
8582,0
8583,0
8584,47
8585,26
8586,28
8587,2
8588,21
8589,19
8590,14
8591,42
8592,29
8593,17
8594,26
8595,17
8596,60
8597,3
8598,17
8599,7
8600,0
8601,9
8602,29
8603,13
8604,45
8605,6
8606,58
8607,42
8608,0
8609,24
8610,14
8611,39
8612,19
8613,62
8614,38
8615,26
8616,66
8617,52
8618,13
8619,0
8620,0
8621,0
8622,0
8623,0
8624,23
8625,1
8626,0
8627,10
8628,26
8629,35
8630,1
8631,25
8632,39
8633,19
8634,36
8635,4
8636,0
8637,49
8638,8
8639,59
8640,0
8641,0
8642,42
8643,60
8644,0
8645,56
8646,0
8647,65
8648,42
8649,29
8650,25
8651,0
8652,36
8653,41
8654,27
8655,35
8656,42
8657,0
8658,0
8659,7
8660,2
8661,0
8662,9
8663,5
8664,0
8665,0
8666,0
8667,35
8668,0
8669,29
8670,29
8671,54
8672,21
8673,16
8674,50
8675,47
8676,50
8677,46
8678,35
8679,37
8680,6
8681,16
8682,4
8683,45
8684,31
8685,0
8686,0
8687,34
8688,33
8689,17
8690,41
8691,6
8692,45
8693,62
8694,24
8695,0
8696,0
8697,36
8698,3
8699,53
8700,61
8701,58
8702,44
8703,0
8704,0
8705,16
8706,14
8707,24
8708,0
8709,46
8710,14
8711,35
8712,6
8713,7
8714,30
8715,0
8716,53
8717,0
8718,19
8719,4
8720,0
8721,28
8722,18
8723,8
8724,43
8725,3
8726,10
8727,36
8728,7
8729,18
8730,4
8731,61
8732,16
8733,30
8734,12
8735,10
8736,0
8737,0
8738,0
8739,2
8740,26
8741,0
8742,5
8743,0
8744,4
8745,56
8746,8
8747,15
8748,19
8749,25
8750,22
8751,37
8752,4
8753,65
8754,0
8755,1
8756,0
8757,0
8758,20
8759,74
8760,53
8761,25
8762,0
8763,2
8764,0
8765,7
8766,49
8767,19
8768,16
8769,6
8770,52
8771,44
8772,62
8773,0
8774,29
8775,0
8776,15
8777,21
8778,61
8779,60
8780,29
8781,30
8782,2
8783,10
8784,3
8785,22
8786,0
8787,10
8788,0
8789,40
8790,2
8791,81
8792,26
8793,54
8794,1
8795,4
8796,55
8797,0
8798,41
8799,10
8800,0
8801,47
8802,6
8803,0
8804,22
8805,56
8806,21
8807,5
8808,1
8809,27
8810,12
8811,0
8812,43
8813,28
8814,12
8815,26
8816,10
8817,65
8818,40
8819,13
8820,0
8821,0
8822,0
8823,11
8824,23
8825,0
8826,0
8827,42
8828,18
8829,45
8830,2
8831,38
8832,0
8833,22
8834,7
8835,21
8836,0
8837,14
8838,21
8839,28
8840,47
8841,5
8842,57
8843,32
8844,0
8845,43
8846,19
8847,24
8848,16
8849,6
8850,30
8851,0
8852,33
8853,10
8854,14
8855,3
8856,3
8857,0
8858,32
8859,17
8860,0
8861,49
8862,39
8863,20
8864,0
8865,7
8866,19
8867,7
8868,5
8869,45
8870,28
8871,43
8872,18
8873,60
8874,31
8875,54
8876,15
8877,19
8878,48
8879,20
8880,3
8881,50
8882,56
8883,29
8884,23
8885,12
8886,0
8887,40
8888,56
8889,31
8890,43
8891,11
8892,1
8893,32
8894,26
8895,13
8896,30
8897,14
8898,30
8899,6
8900,0
8901,36
8902,51
8903,0
8904,14
8905,19
8906,29
8907,67
8908,13
8909,0
8910,5
8911,12
8912,24
8913,44
8914,0
8915,0
8916,17
8917,7
8918,29
8919,4
8920,10
8921,0
8922,8
8923,58
8924,7
8925,0
8926,31
8927,26
8928,17
8929,26
8930,18
8931,38
8932,29
8933,18
8934,0
8935,3
8936,37
8937,18
8938,11
8939,22
8940,16
8941,0
8942,41
8943,19
8944,57
8945,41
8946,58
8947,0
8948,3
8949,0
8950,2
8951,11
8952,2
8953,33
8954,0
8955,71
8956,42
8957,11
8958,6
8959,14
8960,17
8961,17
8962,23
8963,77
8964,48
8965,32
8966,1
8967,1
8968,16
8969,21
8970,34
8971,31
8972,59
8973,47
8974,0
8975,0
8976,0
8977,0
8978,1
8979,25
8980,27
8981,0
8982,3
8983,31
8984,27
8985,0
8986,68
8987,28
8988,27
8989,0
8990,19
8991,24
8992,55
8993,41
8994,0
8995,30
8996,36
8997,4
8998,11
8999,0
9000,4
9001,17
9002,67
9003,62
9004,20
9005,0
9006,61
9007,19
9008,2
9009,0
9010,0
9011,4
9012,50
9013,3
9014,10
9015,0
9016,0
9017,21
9018,0
9019,39
9020,10
9021,43
9022,30
9023,13
9024,12
9025,8
9026,3
9027,44
9028,13
9029,20
9030,44
9031,27
9032,28
9033,0
9034,0
9035,0
9036,0
9037,0
9038,38
9039,4
9040,42
9041,64
9042,2
9043,54
9044,4
9045,33
9046,48
9047,2
9048,14
9049,0
9050,0
9051,14
9052,0
9053,24
9054,15
9055,27
9056,36
9057,38
9058,0
9059,37
9060,14
9061,34
9062,23
9063,0
9064,33
9065,78
9066,0
9067,0
9068,84
9069,36
9070,25
9071,42
9072,3
9073,23
9074,0
9075,0
9076,30
9077,61
9078,8
9079,16
9080,16
9081,11
9082,25
9083,42
9084,30
9085,37
9086,0
9087,15
9088,45
9089,22
9090,3
9091,28
9092,29
9093,0
9094,6
9095,15
9096,0
9097,0
9098,8
9099,20
9100,0
9101,0
9102,16
9103,14
9104,43
9105,15
9106,34
9107,1
9108,27
9109,0
9110,23
9111,36
9112,9
9113,15
9114,46
9115,1
9116,0
9117,37
9118,40
9119,3
9120,39
9121,42
9122,0
9123,38
9124,41
9125,41
9126,3
9127,34
9128,0
9129,24
9130,54
9131,0
9132,0
9133,36
9134,6
9135,41
9136,7
9137,22
9138,40
9139,23
9140,26
9141,25
9142,51
9143,0
9144,32
9145,20
9146,49
9147,32
9148,12
9149,28
9150,0
9151,22
9152,36
9153,17
9154,28
9155,0
9156,28
9157,0
9158,0
9159,9
9160,58
9161,13
9162,8
9163,0
9164,9
9165,0
9166,59
9167,15
9168,0
9169,23
9170,21
9171,0
9172,48
9173,16
9174,16
9175,0
9176,28
9177,9
9178,38
9179,38
9180,16
9181,0
9182,0
9183,0
9184,36
9185,10
9186,0
9187,2
9188,29
9189,38
9190,60
9191,28
9192,5
9193,14
9194,0
9195,0
9196,34
9197,15
9198,45
9199,10
9200,15
9201,6
9202,0
9203,28
9204,39
9205,28
9206,14
9207,46
9208,0
9209,58
9210,81
9211,0
9212,24
9213,12
9214,44
9215,4
9216,0
9217,27
9218,22
9219,47
9220,25
9221,25
9222,40
9223,13
9224,22
9225,22
9226,25
9227,0
9228,67
9229,77
9230,23
9231,35
9232,2
9233,23
9234,50
9235,0
9236,76
9237,36
9238,38
9239,0
9240,0
9241,49
9242,0
9243,70
9244,14
9245,0
9246,8
9247,4
9248,21
9249,43
9250,6
9251,32
9252,0
9253,25
9254,33
9255,17
9256,0
9257,2
9258,2
9259,38
9260,41
9261,12
9262,0
9263,22
9264,44
9265,51
9266,0
9267,18
9268,56
9269,32
9270,29
9271,1
9272,0
9273,0
9274,11
9275,24
9276,0
9277,11
9278,0
9279,0
9280,0
9281,17
9282,0
9283,45
9284,27
9285,53
9286,25
9287,7
9288,1
9289,47
9290,0
9291,23
9292,0
9293,37
9294,54
9295,52
9296,8
9297,34
9298,68
9299,1
9300,0
9301,0
9302,14
9303,21
9304,18
9305,5
9306,45
9307,35
9308,0
9309,32
9310,0
9311,1
9312,0
9313,0
9314,68
9315,51
9316,0
9317,0
9318,58
9319,3
9320,38
9321,3
9322,37
9323,21
9324,60
9325,0
9326,0
9327,36
9328,0
9329,12
9330,0
9331,14
9332,0
9333,45
9334,1
9335,0
9336,32
9337,72
9338,38
9339,11
9340,0
9341,2
9342,44
9343,72
9344,14
9345,34
9346,19
9347,48
9348,29
9349,32
9350,4
9351,60
9352,36
9353,21
9354,38
9355,3
9356,2
9357,0
9358,38
9359,32
9360,16
9361,10
9362,40
9363,0
9364,6
9365,23
9366,8
9367,3
9368,22
9369,16
9370,1
9371,46
9372,28
9373,63
9374,22
9375,76
9376,0
9377,12
9378,10
9379,33
9380,20
9381,10
9382,9
9383,21
9384,4
9385,18
9386,33
9387,0
9388,0
9389,32
9390,14
9391,1
9392,34
9393,0
9394,17
9395,4
9396,39
9397,0
9398,11
9399,44
9400,46
9401,0
9402,19
9403,51
9404,35
9405,8
9406,0
9407,37
9408,0
9409,11
9410,47
9411,25
9412,79
9413,4
9414,40
9415,6
9416,3
9417,0
9418,0
9419,23
9420,47
9421,10
9422,0
9423,0
9424,0
9425,0
9426,45
9427,61
9428,5
9429,32
9430,3
9431,51
9432,32
9433,10
9434,32
9435,0
9436,0
9437,14
9438,40
9439,25
9440,0
9441,53
9442,0
9443,50
9444,66
9445,13
9446,9
9447,80
9448,1
9449,26
9450,43
9451,1
9452,5
9453,5
9454,31
9455,0
9456,19
9457,0
9458,9
9459,29
9460,58
9461,1
9462,0
9463,40
9464,27
9465,17
9466,22
9467,0
9468,36
9469,27
9470,38
9471,0
9472,18
9473,0
9474,49
9475,1
9476,35
9477,59
9478,0
9479,41
9480,0
9481,14
9482,0
9483,0
9484,35
9485,0
9486,32
9487,0
9488,61
9489,14
9490,51
9491,18
9492,0
9493,18
9494,4
9495,19
9496,30
9497,35
9498,4
9499,36
9500,32
9501,0
9502,0
9503,0
9504,39
9505,25
9506,0
9507,20
9508,0
9509,22
9510,18
9511,23
9512,0
9513,12
9514,11
9515,37
9516,0
9517,41
9518,14
9519,7
9520,51
9521,45
9522,1
9523,70
9524,12
9525,32
9526,57
9527,33
9528,16
9529,0
9530,0
9531,31
9532,4
9533,51
9534,17
9535,66
9536,8
9537,23
9538,22
9539,38
9540,3
9541,21
9542,46
9543,54
9544,19
9545,1
9546,31
9547,27
9548,32
9549,3
9550,0
9551,0
9552,24
9553,24
9554,35
9555,13
9556,0
9557,7
9558,22
9559,1
9560,4
9561,11
9562,20
9563,15
9564,3
9565,50
9566,33
9567,17
9568,76
9569,29
9570,46
9571,44
9572,55
9573,9
9574,0
9575,16
9576,62
9577,16
9578,18
9579,33
9580,50
9581,0
9582,41
9583,26
9584,0
9585,0
9586,21
9587,18
9588,20
9589,1
9590,30
9591,0
9592,27
9593,35
9594,62
9595,14
9596,0
9597,47
9598,0
9599,31
9600,2
9601,34
9602,2
9603,5
9604,40
9605,75
9606,0
9607,15
9608,38
9609,66
9610,32
9611,4
9612,2
9613,0
9614,22
9615,35
9616,8
9617,37
9618,13
9619,10
9620,25
9621,5
9622,9
9623,23
9624,4
9625,17
9626,1
9627,1
9628,35
9629,37
9630,5
9631,0
9632,40
9633,0
9634,1
9635,14
9636,46
9637,4
9638,28
9639,7
9640,0
9641,12
9642,22
9643,3
9644,2
9645,61
9646,55
9647,10
9648,0
9649,7
9650,0
9651,0
9652,28
9653,10
9654,14
9655,0
9656,43
9657,0
9658,7
9659,1
9660,13
9661,50
9662,0
9663,5
9664,21
9665,7
9666,0
9667,44
9668,4
9669,42
9670,58
9671,0
9672,26
9673,36
9674,0
9675,71
9676,26
9677,14
9678,3
9679,15
9680,25
9681,71
9682,22
9683,8
9684,51
9685,25
9686,30
9687,19
9688,23
9689,60
9690,11
9691,12
9692,3
9693,0
9694,24
9695,15
9696,51
9697,39
9698,0
9699,12
9700,29
9701,0
9702,44
9703,86
9704,0
9705,56
9706,10
9707,29
9708,7
9709,26
9710,18
9711,0
9712,48
9713,21
9714,70
9715,0
9716,9
9717,15
9718,14
9719,0
9720,0
9721,1
9722,28
9723,0
9724,7
9725,6
9726,0
9727,51
9728,55
9729,7
9730,0
9731,4
9732,55
9733,31
9734,37
9735,30
9736,37
9737,53
9738,0
9739,1
9740,12
9741,15
9742,65
9743,46
9744,5
9745,43
9746,44
9747,0
9748,0
9749,12
9750,0
9751,23
9752,11
9753,0
9754,29
9755,36
9756,14
9757,0
9758,1
9759,4
9760,0
9761,0
9762,70
9763,46
9764,37
9765,7
9766,4
9767,24
9768,0
9769,1
9770,37
9771,0
9772,0
9773,62
9774,11
9775,38
9776,19
9777,14
9778,8
9779,48
9780,19
9781,0
9782,33
9783,67
9784,55
9785,0
9786,35
9787,55
9788,49
9789,16
9790,4
9791,46
9792,0
9793,0
9794,42
9795,5
9796,0
9797,5
9798,0
9799,0
9800,50
9801,55
9802,12
9803,51
9804,23
9805,26
9806,0
9807,84
9808,35
9809,45
9810,27
9811,10
9812,0
9813,0
9814,17
9815,23
9816,10
9817,3
9818,47
9819,21
9820,5
9821,33
9822,0
9823,40
9824,19
9825,9
9826,16
9827,17
9828,12
9829,18
9830,39
9831,10
9832,0
9833,6
9834,0
9835,29
9836,65
9837,32
9838,17
9839,0
9840,0
9841,0
9842,0
9843,29
9844,3
9845,34
9846,3
9847,15
9848,9
9849,26
9850,33
9851,33
9852,54
9853,41
9854,11
9855,27
9856,68
9857,15
9858,45
9859,0
9860,31
9861,0
9862,17
9863,3
9864,0
9865,15
9866,13
9867,2
9868,29
9869,68
9870,26
9871,16
9872,34
9873,41
9874,33
9875,35
9876,2
9877,47
9878,67
9879,14
9880,17
9881,24
9882,0
9883,20
9884,51
9885,39
9886,22
9887,13
9888,8
9889,0
9890,2
9891,78
9892,66
9893,5
9894,28
9895,15
9896,54
9897,0
9898,30
9899,43
9900,4
9901,80
9902,29
9903,0
9904,15
9905,53
9906,3
9907,27
9908,12
9909,37
9910,0
9911,45
9912,29
9913,13
9914,0
9915,33
9916,50
9917,5
9918,0
9919,0
9920,9
9921,2
9922,9
9923,0
9924,4
9925,37
9926,44
9927,19
9928,2
9929,50
9930,42
9931,39
9932,6
9933,7
9934,74
9935,28
9936,0
9937,55
9938,32
9939,0
9940,8
9941,3
9942,5
9943,4
9944,70
9945,27
9946,25
9947,36
9948,19
9949,55
9950,34
9951,34
9952,37
9953,17
9954,72
9955,8
9956,21
9957,42
9958,26
9959,12
9960,30
9961,14
9962,22
